airtable_id,print_id,source_kind,print_status,label_type,error_msg,created_at,claimed_by,claimed_at,printed_by,printed_at,pdf_path
rec02CSyWtJIjjZig,PRINT-260629-jZig,steri_sheet,Printed,Sterilizer_Sheet,,2026-06-29T20:53:11.000Z,default,2026-06-29T20:53:11.723Z,default,2026-06-29T20:53:13.252Z,
rec0Ip2QpA8XQLTeA,PRINT-260514-LTeA,lot,Printed,Bulk_Created,,2026-05-14T21:13:16.000Z,default,2026-05-14T21:13:24.150Z,default,2026-05-14T21:13:24.839Z,C:\mushroomprocess\MushroomProcess\print-daemon\logs\default\label_2026-05-14T21-13-24-149Z_rec0Ip2QpA8XQLTeA.pdf
rec131ZNGWYeOnLcm,PRINT-260711-nLcm,product,Printed,Product_Package_Sample,,2026-07-11T19:52:58.000Z,default,2026-07-11T20:29:20.589Z,default,2026-07-11T20:29:21.234Z,C:\mushroomprocess\MushroomProcess\print-daemon\logs\default\label_2026-07-11T20-29-20-587Z_rec131ZNGWYeOnLcm.pdf
rec20dIP2Fj5OAIYU,PRINT-260618-AIYU,product,Printed,Product_Package,,2026-06-18T21:06:40.000Z,default,2026-06-18T21:06:46.075Z,default,2026-06-18T21:06:49.950Z,C:\mushroomprocess\MushroomProcess\print-daemon\logs\default\label_2026-06-18T21-06-46-074Z_rec20dIP2Fj5OAIYU.pdf
rec3Apbnp3txbFr8g,PRINT-260614-Fr8g,product,Printed,Product_Package,,2026-06-14T20:41:54.000Z,trays,2026-06-14T20:42:02.049Z,trays,2026-06-14T20:42:02.911Z,C:\mushroomprocess\MushroomProcess\print-daemon\logs\trays\label_2026-06-14T20-42-02-047Z_rec3Apbnp3txbFr8g.pdf
rec3CBNPYW3MeMSad,PRINT-260523-MSad,product,Printed,Product_Package,,2026-05-23T00:01:11.000Z,trays,2026-05-23T00:01:16.381Z,trays,2026-05-23T00:01:17.154Z,C:\mushroomprocess\MushroomProcess\print-daemon\logs\trays\label_2026-05-23T00-01-16-379Z_rec3CBNPYW3MeMSad.pdf
rec3JWM7XH23PE0B7,PRINT-260706-E0B7,lot,Printed,Bulk_Created,,2026-07-06T20:16:54.000Z,default,2026-07-06T20:17:04.796Z,default,2026-07-06T20:17:05.433Z,C:\mushroomprocess\MushroomProcess\print-daemon\logs\default\label_2026-07-06T20-17-04-796Z_rec3JWM7XH23PE0B7.pdf
rec4O4wBqtjjs88PZ,PRINT-260622-88PZ,steri_sheet,Printed,Sterilizer_Sheet,,2026-06-22T16:35:32.000Z,default,2026-06-22T16:35:36.201Z,default,2026-06-22T16:35:38.546Z,
rec4nhbSzZ23ygadB,PRINT-260516-gadB,lot,Printed,Bulk_Created,,2026-05-16T23:41:30.000Z,default,2026-05-16T23:41:38.952Z,default,2026-05-16T23:41:39.640Z,C:\mushroomprocess\MushroomProcess\print-daemon\logs\default\label_2026-05-16T23-41-38-950Z_rec4nhbSzZ23ygadB.pdf
rec53TqSsuiShPxrV,PRINT-260512-PxrV,lot,Printed,Cordyceps_Substrate_Inoculated,,2026-05-12T15:40:55.000Z,default,2026-05-12T15:41:04.524Z,default,2026-05-12T15:41:05.503Z,C:\mushroomprocess\MushroomProcess\print-daemon\logs\default\label_2026-05-12T15-41-04-522Z_rec53TqSsuiShPxrV.pdf
rec5Gr96NEe0J5FJ0,PRINT-260513-5FJ0,lot,Printed,Cordyceps_Substrate_Inoculated,,2026-05-13T17:03:39.000Z,default,2026-05-13T17:03:48.549Z,default,2026-05-13T17:03:49.243Z,C:\mushroomprocess\MushroomProcess\print-daemon\logs\default\label_2026-05-13T17-03-48-547Z_rec5Gr96NEe0J5FJ0.pdf
rec5ZRpYHLEZkJc3F,PRINT-260618-Jc3F,product,Printed,Product_Package,,2026-06-18T19:49:42.000Z,default,2026-06-18T19:49:42.571Z,default,2026-06-18T19:49:46.465Z,C:\mushroomprocess\MushroomProcess\print-daemon\logs\default\label_2026-06-18T19-49-42-570Z_rec5ZRpYHLEZkJc3F.pdf
rec5fyBzQR2YAFjQy,PRINT-260605-FjQy,product,Printed,Product_Package,,2026-06-05T19:30:25.000Z,default,2026-06-05T19:30:33.736Z,default,2026-06-05T19:30:36.406Z,C:\mushroomprocess\MushroomProcess\print-daemon\logs\default\label_2026-06-05T19-30-33-734Z_rec5fyBzQR2YAFjQy.pdf
rec6B21X30jNJ3FQt,PRINT-260523-3FQt,product,Printed,Product_Package,,2026-05-23T00:12:48.000Z,trays,2026-05-23T00:12:55.054Z,trays,2026-05-23T00:12:55.839Z,C:\mushroomprocess\MushroomProcess\print-daemon\logs\trays\label_2026-05-23T00-12-55-054Z_rec6B21X30jNJ3FQt.pdf
rec6k1bsybgXIDjY8,PRINT-260513-DjY8,lot,Printed,Cordyceps_Substrate_Inoculated,,2026-05-13T16:55:53.000Z,default,2026-05-13T16:55:53.723Z,default,2026-05-13T16:55:54.620Z,C:\mushroomprocess\MushroomProcess\print-daemon\logs\default\label_2026-05-13T16-55-53-721Z_rec6k1bsybgXIDjY8.pdf
rec7KzwmUHDhnKvhY,PRINT-260516-KvhY,lot,Printed,Bulk_Created,,2026-05-16T23:44:00.000Z,default,2026-05-16T23:44:07.914Z,default,2026-05-16T23:44:08.747Z,C:\mushroomprocess\MushroomProcess\print-daemon\logs\default\label_2026-05-16T23-44-07-913Z_rec7KzwmUHDhnKvhY.pdf
rec7RyRFblVkagXtp,PRINT-260514-gXtp,lot,Printed,Bulk_Created,,2026-05-14T21:13:15.000Z,default,2026-05-14T21:13:25.063Z,default,2026-05-14T21:13:25.734Z,C:\mushroomprocess\MushroomProcess\print-daemon\logs\default\label_2026-05-14T21-13-25-061Z_rec7RyRFblVkagXtp.pdf
rec7qW6Kj6SXkMiVa,PRINT-260706-MiVa,lot,Printed,Bulk_Created,,2026-07-06T20:17:24.000Z,default,2026-07-06T20:17:26.194Z,default,2026-07-06T20:17:26.958Z,C:\mushroomprocess\MushroomProcess\print-daemon\logs\default\label_2026-07-06T20-17-26-192Z_rec7qW6Kj6SXkMiVa.pdf
rec9HUlXfX7cKhk0p,PRINT-260605-hk0p,product,Printed,Product_Package,,2026-06-05T19:33:38.000Z,default,2026-06-05T19:33:42.492Z,default,2026-06-05T19:33:43.268Z,C:\mushroomprocess\MushroomProcess\print-daemon\logs\default\label_2026-06-05T19-33-42-490Z_rec9HUlXfX7cKhk0p.pdf
recASXewZCTwtmAsA,PRINT-260604-mAsA,product,Printed,Product_Package,,2026-06-04T15:59:23.000Z,default,2026-06-04T15:59:24.586Z,default,2026-06-04T15:59:28.580Z,C:\mushroomprocess\MushroomProcess\print-daemon\logs\default\label_2026-06-04T15-59-24-584Z_recASXewZCTwtmAsA.pdf
recATj8QkLbJC7cOp,PRINT-260513-7cOp,lot,Printed,Cordyceps_Substrate_Inoculated,,2026-05-13T17:14:18.000Z,default,2026-05-13T17:14:25.150Z,default,2026-05-13T17:14:25.933Z,C:\mushroomprocess\MushroomProcess\print-daemon\logs\default\label_2026-05-13T17-14-25-148Z_recATj8QkLbJC7cOp.pdf
recAj50G3oer9nHLS,PRINT-260516-nHLS,lot,Printed,Bulk_Created,,2026-05-16T23:42:45.000Z,default,2026-05-16T23:42:52.598Z,default,2026-05-16T23:42:53.247Z,C:\mushroomprocess\MushroomProcess\print-daemon\logs\default\label_2026-05-16T23-42-52-596Z_recAj50G3oer9nHLS.pdf
recBAL071iKJSKGRR,PRINT-260605-KGRR,product,Printed,Product_Package,,2026-06-05T19:28:40.000Z,default,2026-06-05T19:29:13.927Z,default,2026-06-05T19:29:14.911Z,C:\mushroomprocess\MushroomProcess\print-daemon\logs\default\label_2026-06-05T19-29-13-926Z_recBAL071iKJSKGRR.pdf
recBRyp85GKSkycDb,PRINT-260605-ycDb,product,Printed,Product_Package,,2026-06-05T19:30:18.000Z,default,2026-06-05T19:30:21.859Z,default,2026-06-05T19:30:22.850Z,C:\mushroomprocess\MushroomProcess\print-daemon\logs\default\label_2026-06-05T19-30-21-857Z_recBRyp85GKSkycDb.pdf
recBiDJpOZ7mKUCBU,PRINT-260701-UCBU,product,Printed,Product_Package,,2026-07-01T22:09:08.000Z,trays,2026-07-01T22:09:12.496Z,trays,2026-07-01T22:09:13.184Z,C:\mushroomprocess\MushroomProcess\print-daemon\logs\trays\label_2026-07-01T22-09-12-494Z_recBiDJpOZ7mKUCBU.pdf
recBiq7TYlHX2wpGq,PRINT-260711-wpGq,product,Printed,Product_Package_Sample,,2026-07-11T19:52:59.000Z,default,2026-07-11T20:26:54.552Z,default,2026-07-11T20:26:55.394Z,C:\mushroomprocess\MushroomProcess\print-daemon\logs\default\label_2026-07-11T20-26-54-550Z_recBiq7TYlHX2wpGq.pdf
recCJhoRMglvGh1H2,PRINT-260604-h1H2,product,Printed,Product_Package,,2026-06-04T15:39:04.000Z,default,2026-06-04T15:39:07.278Z,default,2026-06-04T15:39:11.179Z,C:\mushroomprocess\MushroomProcess\print-daemon\logs\default\label_2026-06-04T15-39-07-276Z_recCJhoRMglvGh1H2.pdf
recCPvhjTmd8niGIi,PRINT-260618-iGIi,product,Printed,Product_Package,,2026-06-18T19:50:03.000Z,default,2026-06-18T19:50:11.295Z,default,2026-06-18T19:50:15.142Z,C:\mushroomprocess\MushroomProcess\print-daemon\logs\default\label_2026-06-18T19-50-11-293Z_recCPvhjTmd8niGIi.pdf
recDL5FXDzVHmhW5p,PRINT-260706-hW5p,lot,Printed,Bulk_Created,,2026-07-06T20:10:43.000Z,default,2026-07-06T20:10:51.508Z,default,2026-07-06T20:10:52.451Z,C:\mushroomprocess\MushroomProcess\print-daemon\logs\default\label_2026-07-06T20-10-51-506Z_recDL5FXDzVHmhW5p.pdf
recF50hSye8EZRXq2,PRINT-260513-RXq2,lot,Printed,Cordyceps_Substrate_Inoculated,,2026-05-13T17:03:37.000Z,default,2026-05-13T17:03:37.070Z,default,2026-05-13T17:03:38.017Z,C:\mushroomprocess\MushroomProcess\print-daemon\logs\default\label_2026-05-13T17-03-37-068Z_recF50hSye8EZRXq2.pdf
recFB0uHrBLucUU63,PRINT-260614-UU63,product,Printed,Product_Package,,2026-06-14T21:00:10.000Z,trays,2026-06-14T21:00:12.905Z,trays,2026-06-14T21:00:13.761Z,C:\mushroomprocess\MushroomProcess\print-daemon\logs\trays\label_2026-06-14T21-00-12-903Z_recFB0uHrBLucUU63.pdf
recFeljDu0LEAsHSU,PRINT-260604-sHSU,product,Printed,Product_Package,,2026-06-04T15:38:43.000Z,default,2026-06-04T15:38:52.742Z,default,2026-06-04T15:38:56.735Z,C:\mushroomprocess\MushroomProcess\print-daemon\logs\default\label_2026-06-04T15-38-52-739Z_recFeljDu0LEAsHSU.pdf
recFvl4n5Ou8olivi,PRINT-260516-livi,lot,Printed,Bulk_Created,,2026-05-16T23:43:59.000Z,default,2026-05-16T23:44:08.950Z,default,2026-05-16T23:44:09.612Z,C:\mushroomprocess\MushroomProcess\print-daemon\logs\default\label_2026-05-16T23-44-08-948Z_recFvl4n5Ou8olivi.pdf
recHB4gtMItn7HKvd,PRINT-260619-HKvd,product,Printed,Product_Package,,2026-06-19T19:07:26.000Z,default,2026-06-19T19:07:28.733Z,default,2026-06-19T19:07:29.539Z,C:\mushroomprocess\MushroomProcess\print-daemon\logs\default\label_2026-06-19T19-07-28-731Z_recHB4gtMItn7HKvd.pdf
recHeKgswsf8OQfyo,PRINT-260706-Qfyo,product,Printed,Product_Package,,2026-07-06T18:46:12.000Z,trays,2026-07-06T18:46:12.799Z,trays,2026-07-06T18:46:13.739Z,C:\mushroomprocess\MushroomProcess\print-daemon\logs\trays\label_2026-07-06T18-46-12-797Z_recHeKgswsf8OQfyo.pdf
recIdbJTEQz1lEJ3F,PRINT-260605-EJ3F,product,Printed,Product_Package,,2026-06-05T19:29:47.000Z,default,2026-06-05T19:29:47.962Z,default,2026-06-05T19:29:48.616Z,C:\mushroomprocess\MushroomProcess\print-daemon\logs\default\label_2026-06-05T19-29-47-960Z_recIdbJTEQz1lEJ3F.pdf
recJks2B9PRmnCkMY,PRINT-260618-CkMY,product,Printed,Product_Package,,2026-06-18T21:06:06.000Z,default,2026-06-18T21:06:10.924Z,default,2026-06-18T21:06:14.934Z,C:\mushroomprocess\MushroomProcess\print-daemon\logs\default\label_2026-06-18T21-06-10-923Z_recJks2B9PRmnCkMY.pdf
recKIQ55HqSQqpWUF,PRINT-260604-pWUF,product,Printed,Product_Package,,2026-06-04T15:21:05.000Z,default,2026-06-04T15:21:13.020Z,default,2026-06-04T15:21:17.325Z,C:\mushroomprocess\MushroomProcess\print-daemon\logs\default\label_2026-06-04T15-21-13-017Z_recKIQ55HqSQqpWUF.pdf
recL6L5o6430Vu3Xz,PRINT-260604-u3Xz,product,Printed,Product_Package,,2026-06-04T15:21:36.000Z,default,2026-06-04T15:21:38.060Z,default,2026-06-04T15:21:42.090Z,C:\mushroomprocess\MushroomProcess\print-daemon\logs\default\label_2026-06-04T15-21-38-055Z_recL6L5o6430Vu3Xz.pdf
recLQ9OxYIwyAYTaV,PRINT-260512-YTaV,lot,Printed,Bulk_Created,,2026-05-12T22:44:13.000Z,default,2026-05-12T22:44:19.351Z,default,2026-05-12T22:44:20.044Z,C:\mushroomprocess\MushroomProcess\print-daemon\logs\default\label_2026-05-12T22-44-19-349Z_recLQ9OxYIwyAYTaV.pdf
recMiv0Rw0PK8VCV9,PRINT-260516-VCV9,lot,Printed,Bulk_Created,,2026-05-16T23:42:49.000Z,default,2026-05-16T23:42:53.445Z,default,2026-05-16T23:42:54.153Z,C:\mushroomprocess\MushroomProcess\print-daemon\logs\default\label_2026-05-16T23-42-53-444Z_recMiv0Rw0PK8VCV9.pdf
recNCNGB2Nt3IzmgN,PRINT-260516-zmgN,lot,Printed,Bulk_Created,,2026-05-16T23:43:59.000Z,default,2026-05-16T23:44:09.809Z,default,2026-05-16T23:44:10.455Z,C:\mushroomprocess\MushroomProcess\print-daemon\logs\default\label_2026-05-16T23-44-09-809Z_recNCNGB2Nt3IzmgN.pdf
recNqnuQxuJFk2d7w,PRINT-260701-2d7w,product,Printed,Product_Package,,2026-07-01T22:09:59.000Z,trays,2026-07-01T22:10:02.931Z,trays,2026-07-01T22:10:03.858Z,C:\mushroomprocess\MushroomProcess\print-daemon\logs\trays\label_2026-07-01T22-10-02-930Z_recNqnuQxuJFk2d7w.pdf
recNuUMA8KI29rE1D,PRINT-260512-rE1D,lot,Printed,Bulk_Created,,2026-05-12T22:44:13.000Z,default,2026-05-12T22:44:20.252Z,default,2026-05-12T22:44:20.923Z,C:\mushroomprocess\MushroomProcess\print-daemon\logs\default\label_2026-05-12T22-44-20-252Z_recNuUMA8KI29rE1D.pdf
recOsdBjySKOpuL9I,PRINT-260605-uL9I,product,Printed,Product_Package,,2026-06-05T19:29:36.000Z,default,2026-06-05T19:29:36.767Z,default,2026-06-05T19:29:37.456Z,C:\mushroomprocess\MushroomProcess\print-daemon\logs\default\label_2026-06-05T19-29-36-766Z_recOsdBjySKOpuL9I.pdf
recPPAigjmAdFMcZ0,PRINT-260516-McZ0,lot,Printed,Bulk_Created,,2026-05-16T23:40:31.000Z,default,2026-05-16T23:40:35.483Z,default,2026-05-16T23:40:36.413Z,C:\mushroomprocess\MushroomProcess\print-daemon\logs\default\label_2026-05-16T23-40-35-481Z_recPPAigjmAdFMcZ0.pdf
recPVAmM7vGHZqoju,PRINT-260706-qoju,lot,Printed,Bulk_Created,,2026-07-06T20:16:52.000Z,default,2026-07-06T20:16:53.285Z,default,2026-07-06T20:16:54.322Z,C:\mushroomprocess\MushroomProcess\print-daemon\logs\default\label_2026-07-06T20-16-53-283Z_recPVAmM7vGHZqoju.pdf
recQEiXEGlpn8fPIW,PRINT-260624-fPIW,steri_sheet,Printed,Sterilizer_Sheet,,2026-06-24T22:15:44.000Z,default,2026-06-24T22:15:45.756Z,default,2026-06-24T22:15:47.391Z,
recQpmAlrj2LlHylm,PRINT-260618-Hylm,product,Printed,Product_Package,,2026-06-18T19:49:55.000Z,default,2026-06-18T19:49:56.959Z,default,2026-06-18T19:50:00.820Z,C:\mushroomprocess\MushroomProcess\print-daemon\logs\default\label_2026-06-18T19-49-56-957Z_recQpmAlrj2LlHylm.pdf
recRWvLI7nnCZ8by1,PRINT-260513-8by1,lot,Printed,Cordyceps_Substrate_Inoculated,,2026-05-13T17:14:19.000Z,default,2026-05-13T17:14:26.162Z,default,2026-05-13T17:14:26.860Z,C:\mushroomprocess\MushroomProcess\print-daemon\logs\default\label_2026-05-13T17-14-26-160Z_recRWvLI7nnCZ8by1.pdf
recSbeRL0QT933Pgk,PRINT-260514-3Pgk,lot,Printed,Bulk_Created,,2026-05-14T21:12:18.000Z,default,2026-05-14T21:12:18.431Z,default,2026-05-14T21:12:19.344Z,C:\mushroomprocess\MushroomProcess\print-daemon\logs\default\label_2026-05-14T21-12-18-429Z_recSbeRL0QT933Pgk.pdf
recTHGDyBp4xSYuiC,PRINT-260605-YuiC,product,Printed,Product_Package,,2026-06-05T19:45:18.000Z,default,2026-06-05T19:45:26.567Z,default,2026-06-05T19:45:27.249Z,C:\mushroomprocess\MushroomProcess\print-daemon\logs\default\label_2026-06-05T19-45-26-565Z_recTHGDyBp4xSYuiC.pdf
recU5UgeVFMVRy3L1,PRINT-260514-y3L1,lot,Printed,Bulk_Created,,2026-05-14T21:13:19.000Z,default,2026-05-14T21:13:25.959Z,default,2026-05-14T21:13:26.632Z,C:\mushroomprocess\MushroomProcess\print-daemon\logs\default\label_2026-05-14T21-13-25-957Z_recU5UgeVFMVRy3L1.pdf
recVaWbBi7UzGDAqY,PRINT-260512-DAqY,lot,Printed,Cordyceps_Substrate_Inoculated,,2026-05-12T15:28:31.000Z,default,2026-05-12T15:28:36.361Z,default,2026-05-12T15:28:37.263Z,C:\mushroomprocess\MushroomProcess\print-daemon\logs\default\label_2026-05-12T15-28-36-360Z_recVaWbBi7UzGDAqY.pdf
recVcdT14PxJ6ImuI,PRINT-260514-ImuI,lot,Printed,Bulk_Created,,2026-05-14T21:13:17.000Z,default,2026-05-14T21:13:26.843Z,default,2026-05-14T21:13:27.610Z,C:\mushroomprocess\MushroomProcess\print-daemon\logs\default\label_2026-05-14T21-13-26-842Z_recVcdT14PxJ6ImuI.pdf
recVqzwmrpLEiIuNz,PRINT-260614-IuNz,product,Printed,Product_Package,,2026-06-14T20:46:25.000Z,trays,2026-06-14T20:46:30.004Z,trays,2026-06-14T20:46:30.726Z,C:\mushroomprocess\MushroomProcess\print-daemon\logs\trays\label_2026-06-14T20-46-30-003Z_recVqzwmrpLEiIuNz.pdf
recWeEH0GQIdsxFX2,PRINT-260512-xFX2,lot,Printed,Bulk_Created,,2026-05-12T22:44:37.000Z,default,2026-05-12T22:44:41.639Z,default,2026-05-12T22:44:42.339Z,C:\mushroomprocess\MushroomProcess\print-daemon\logs\default\label_2026-05-12T22-44-41-637Z_recWeEH0GQIdsxFX2.pdf
recX1ilH6OSauielY,PRINT-260605-ielY,product,Printed,Product_Package,,2026-06-05T19:45:04.000Z,default,2026-06-05T19:45:14.107Z,default,2026-06-05T19:45:15.187Z,C:\mushroomprocess\MushroomProcess\print-daemon\logs\default\label_2026-06-05T19-45-14-105Z_recX1ilH6OSauielY.pdf
recXTSB3XOcLKZqMq,PRINT-260523-ZqMq,product,Printed,Product_Package,,2026-05-23T00:12:47.000Z,trays,2026-05-23T00:12:56.124Z,trays,2026-05-23T00:12:56.775Z,C:\mushroomprocess\MushroomProcess\print-daemon\logs\trays\label_2026-05-23T00-12-56-123Z_recXTSB3XOcLKZqMq.pdf
recYDlOPATh8u1eyu,PRINT-260523-1eyu,product,Printed,Product_Package,,2026-05-23T00:01:01.000Z,trays,2026-05-23T00:01:04.737Z,trays,2026-05-23T00:01:05.814Z,C:\mushroomprocess\MushroomProcess\print-daemon\logs\trays\label_2026-05-23T00-01-04-735Z_recYDlOPATh8u1eyu.pdf
recZHTNepJPDqjTmh,PRINT-260618-jTmh,product,Printed,Product_Package,,2026-06-18T19:49:18.000Z,default,2026-06-18T19:49:27.782Z,default,2026-06-18T19:49:31.971Z,C:\mushroomprocess\MushroomProcess\print-daemon\logs\default\label_2026-06-18T19-49-27-780Z_recZHTNepJPDqjTmh.pdf
recahI5xXHQbLzzkD,PRINT-260618-zzkD,product,Printed,Product_Package,,2026-06-18T19:50:13.000Z,default,2026-06-18T19:50:25.598Z,default,2026-06-18T19:50:29.506Z,C:\mushroomprocess\MushroomProcess\print-daemon\logs\default\label_2026-06-18T19-50-25-596Z_recahI5xXHQbLzzkD.pdf
recakkODs32xYaGmk,PRINT-260706-aGmk,product,Printed,Product_Package,,2026-07-06T18:46:11.000Z,trays,2026-07-06T18:46:13.946Z,trays,2026-07-06T18:46:14.642Z,C:\mushroomprocess\MushroomProcess\print-daemon\logs\trays\label_2026-07-06T18-46-13-944Z_recakkODs32xYaGmk.pdf
recbL9IYeleyafLQ6,PRINT-260604-fLQ6,product,Printed,Product_Package,,2026-06-04T15:39:19.000Z,default,2026-06-04T15:39:25.806Z,default,2026-06-04T15:39:29.688Z,C:\mushroomprocess\MushroomProcess\print-daemon\logs\default\label_2026-06-04T15-39-25-803Z_recbL9IYeleyafLQ6.pdf
recbvATOFG47RiTLB,PRINT-260624-iTLB,steri_sheet,Printed,Sterilizer_Sheet,,2026-06-24T22:04:31.000Z,default,2026-06-24T22:04:32.820Z,default,2026-06-24T22:04:35.832Z,
recdSmx58gkB66zl9,PRINT-260619-6zl9,product,Printed,Product_Package,,2026-06-19T19:07:18.000Z,default,2026-06-19T19:07:29.755Z,default,2026-06-19T19:07:30.403Z,C:\mushroomprocess\MushroomProcess\print-daemon\logs\default\label_2026-06-19T19-07-29-755Z_recdSmx58gkB66zl9.pdf
recduDfmSDHrL9pgG,PRINT-260706-9pgG,lot,Printed,Bulk_Created,,2026-07-06T20:17:24.000Z,default,2026-07-06T20:17:27.158Z,default,2026-07-06T20:17:27.795Z,C:\mushroomprocess\MushroomProcess\print-daemon\logs\default\label_2026-07-06T20-17-27-157Z_recduDfmSDHrL9pgG.pdf
rece4eiahYKpCtc3a,PRINT-260512-tc3a,steri_sheet,Printed,,,2026-05-12T15:21:57.000Z,default,2026-05-12T15:22:04.166Z,default,2026-05-12T15:22:06.190Z,
rece55Y5Db1ySZ6iu,PRINT-260523-Z6iu,steri_sheet,Printed,Sterilizer_Sheet,,2026-05-23T19:07:30.000Z,default,2026-05-23T19:07:39.702Z,default,2026-05-23T19:07:43.984Z,
recehDGF4E5blJc54,PRINT-260701-Jc54,product,Printed,Product_Package,,2026-07-01T22:10:01.000Z,trays,2026-07-01T22:10:04.109Z,trays,2026-07-01T22:10:04.795Z,C:\mushroomprocess\MushroomProcess\print-daemon\logs\trays\label_2026-07-01T22-10-04-107Z_recehDGF4E5blJc54.pdf
recfjXguDENICgaGs,PRINT-260512-gaGs,lot,Printed,Cordyceps_Substrate_Inoculated,,2026-05-12T15:40:01.000Z,default,2026-05-12T15:40:06.899Z,default,2026-05-12T15:40:07.688Z,C:\mushroomprocess\MushroomProcess\print-daemon\logs\default\label_2026-05-12T15-40-06-898Z_recfjXguDENICgaGs.pdf
recg3dKknTbNBuYtr,PRINT-260701-uYtr,product,Printed,Product_Package,,2026-07-01T22:08:39.000Z,trays,2026-07-01T22:08:40.536Z,trays,2026-07-01T22:08:41.453Z,C:\mushroomprocess\MushroomProcess\print-daemon\logs\trays\label_2026-07-01T22-08-40-532Z_recg3dKknTbNBuYtr.pdf
recg4JgkFA66tL4ZW,PRINT-260605-L4ZW,product,Printed,Product_Package,,2026-06-05T19:33:46.000Z,default,2026-06-05T19:33:53.758Z,default,2026-06-05T19:33:54.495Z,C:\mushroomprocess\MushroomProcess\print-daemon\logs\default\label_2026-06-05T19-33-53-757Z_recg4JgkFA66tL4ZW.pdf
recgBfltpyPOLNg1y,PRINT-260512-Ng1y,lot,Printed,Cordyceps_Substrate_Inoculated,,2026-05-12T15:40:55.000Z,default,2026-05-12T15:41:05.719Z,default,2026-05-12T15:41:06.500Z,C:\mushroomprocess\MushroomProcess\print-daemon\logs\default\label_2026-05-12T15-41-05-718Z_recgBfltpyPOLNg1y.pdf
rechoJqKV2rKiNq2V,PRINT-260514-Nq2V,lot,Printed,Bulk_Created,,2026-05-14T21:12:21.000Z,default,2026-05-14T21:12:32.026Z,default,2026-05-14T21:12:32.706Z,C:\mushroomprocess\MushroomProcess\print-daemon\logs\default\label_2026-05-14T21-12-32-026Z_rechoJqKV2rKiNq2V.pdf
recj42sdSdihE7NFX,PRINT-260619-7NFX,product,Printed,Product_Package,,2026-06-19T19:07:32.000Z,default,2026-06-19T19:07:40.913Z,default,2026-06-19T19:07:41.552Z,C:\mushroomprocess\MushroomProcess\print-daemon\logs\default\label_2026-06-19T19-07-40-911Z_recj42sdSdihE7NFX.pdf
recj7t7SrPaB6WPEH,PRINT-260614-WPEH,product,Printed,Product_Package,,2026-06-14T21:01:51.000Z,trays,2026-06-14T21:01:56.340Z,trays,2026-06-14T21:01:57.013Z,C:\mushroomprocess\MushroomProcess\print-daemon\logs\trays\label_2026-06-14T21-01-56-339Z_recj7t7SrPaB6WPEH.pdf
reclMe07Cavzkq2nR,PRINT-260605-q2nR,product,Printed,Product_Package,,2026-06-05T19:30:02.000Z,default,2026-06-05T19:30:10.479Z,default,2026-06-05T19:30:11.184Z,C:\mushroomprocess\MushroomProcess\print-daemon\logs\default\label_2026-06-05T19-30-10-477Z_reclMe07Cavzkq2nR.pdf
recls5p3S3VI7NYRd,PRINT-260604-NYRd,product,Printed,Product_Package,,2026-06-04T15:59:34.000Z,default,2026-06-04T15:59:39.107Z,default,2026-06-04T15:59:42.974Z,C:\mushroomprocess\MushroomProcess\print-daemon\logs\default\label_2026-06-04T15-59-39-104Z_recls5p3S3VI7NYRd.pdf
recmHJwF3MEqdmCrQ,PRINT-260512-mCrQ,lot,Printed,Cordyceps_Substrate_Inoculated,,2026-05-12T15:40:00.000Z,default,2026-05-12T15:40:07.930Z,default,2026-05-12T15:40:08.640Z,C:\mushroomprocess\MushroomProcess\print-daemon\logs\default\label_2026-05-12T15-40-07-929Z_recmHJwF3MEqdmCrQ.pdf
recmkywoL8QC0UQen,PRINT-260605-UQen,product,Printed,Product_Package,,2026-06-05T19:28:24.000Z,default,2026-06-05T19:29:15.136Z,default,2026-06-05T19:29:15.770Z,C:\mushroomprocess\MushroomProcess\print-daemon\logs\default\label_2026-06-05T19-29-15-133Z_recmkywoL8QC0UQen.pdf
recn2h1M8h301SoyN,PRINT-260513-SoyN,lot,Printed,Cordyceps_Substrate_Inoculated,,2026-05-13T16:55:53.000Z,default,2026-05-13T16:55:54.853Z,default,2026-05-13T16:55:55.578Z,C:\mushroomprocess\MushroomProcess\print-daemon\logs\default\label_2026-05-13T16-55-54-852Z_recn2h1M8h301SoyN.pdf
recnpFjWkGYY9SUxb,PRINT-260516-SUxb,lot,Printed,Bulk_Created,,2026-05-16T23:44:03.000Z,default,2026-05-16T23:44:10.654Z,default,2026-05-16T23:44:11.333Z,C:\mushroomprocess\MushroomProcess\print-daemon\logs\default\label_2026-05-16T23-44-10-653Z_recnpFjWkGYY9SUxb.pdf
reco2ISB6NIhBhFnU,PRINT-260516-hFnU,lot,Printed,Bulk_Created,,2026-05-16T23:42:46.000Z,default,2026-05-16T23:42:54.368Z,default,2026-05-16T23:42:55.024Z,C:\mushroomprocess\MushroomProcess\print-daemon\logs\default\label_2026-05-16T23-42-54-367Z_reco2ISB6NIhBhFnU.pdf
recokzszChXhRvOf9,PRINT-260614-vOf9,product,Printed,Product_Package,,2026-06-14T20:46:41.000Z,trays,2026-06-14T20:46:41.142Z,trays,2026-06-14T20:46:41.750Z,C:\mushroomprocess\MushroomProcess\print-daemon\logs\trays\label_2026-06-14T20-46-41-141Z_recokzszChXhRvOf9.pdf
recowvNh7DfIv4LuB,PRINT-260614-4LuB,product,Printed,Product_Package,,2026-06-14T20:43:38.000Z,trays,2026-06-14T20:43:45.448Z,trays,2026-06-14T20:43:46.064Z,C:\mushroomprocess\MushroomProcess\print-daemon\logs\trays\label_2026-06-14T20-43-45-446Z_recowvNh7DfIv4LuB.pdf
recpHzJN0z66jLsDd,PRINT-260605-LsDd,product,Printed,Product_Package,,2026-06-05T19:33:54.000Z,default,2026-06-05T19:34:05.015Z,default,2026-06-05T19:34:05.713Z,C:\mushroomprocess\MushroomProcess\print-daemon\logs\default\label_2026-06-05T19-34-05-013Z_recpHzJN0z66jLsDd.pdf
recpLaTLx6d5rANlG,PRINT-260519-ANlG,steri_sheet,Printed,Sterilizer_Sheet,,2026-05-19T18:36:17.000Z,default,2026-05-19T18:36:18.023Z,default,2026-05-19T18:36:20.052Z,
recpwSjjp5x8JXJ7n,PRINT-260513-XJ7n,steri_sheet,Printed,,,2026-05-13T16:47:39.000Z,default,2026-05-13T16:47:39.418Z,default,2026-05-13T16:47:41.351Z,
recq3xMtYEwlOKquP,PRINT-260514-KquP,lot,Printed,Bulk_Created,,2026-05-14T21:12:18.000Z,default,2026-05-14T21:12:19.740Z,default,2026-05-14T21:12:20.533Z,C:\mushroomprocess\MushroomProcess\print-daemon\logs\default\label_2026-05-14T21-12-19-734Z_recq3xMtYEwlOKquP.pdf
recqASemD3OhsjjYB,PRINT-260605-jjYB,product,Printed,Product_Package,,2026-06-05T19:29:53.000Z,default,2026-06-05T19:29:59.367Z,default,2026-06-05T19:30:00.021Z,C:\mushroomprocess\MushroomProcess\print-daemon\logs\default\label_2026-06-05T19-29-59-365Z_recqASemD3OhsjjYB.pdf
recqZ1D02BmOm0NxR,PRINT-260605-0NxR,product,Printed,Product_Package,,2026-06-05T19:45:11.000Z,default,2026-06-05T19:45:15.399Z,default,2026-06-05T19:45:16.078Z,C:\mushroomprocess\MushroomProcess\print-daemon\logs\default\label_2026-06-05T19-45-15-398Z_recqZ1D02BmOm0NxR.pdf
recqihspyqCqY9Bt8,PRINT-260706-9Bt8,lot,Printed,Bulk_Created,,2026-07-06T20:10:45.000Z,default,2026-07-06T20:10:52.659Z,default,2026-07-06T20:10:53.407Z,C:\mushroomprocess\MushroomProcess\print-daemon\logs\default\label_2026-07-06T20-10-52-658Z_recqihspyqCqY9Bt8.pdf
recr25dc2HJH49rG8,PRINT-260614-9rG8,product,Printed,Product_Package,,2026-06-14T21:05:15.000Z,trays,2026-06-14T21:05:23.892Z,trays,2026-06-14T21:05:24.556Z,C:\mushroomprocess\MushroomProcess\print-daemon\logs\trays\label_2026-06-14T21-05-23-890Z_recr25dc2HJH49rG8.pdf
recrl3ypYcTMGsKOG,PRINT-260605-sKOG,product,Printed,Product_Package,,2026-06-05T19:28:38.000Z,default,2026-06-05T19:29:25.564Z,default,2026-06-05T19:29:26.272Z,C:\mushroomprocess\MushroomProcess\print-daemon\logs\default\label_2026-06-05T19-29-25-563Z_recrl3ypYcTMGsKOG.pdf
recrm6xjhI0refyIr,PRINT-260629-fyIr,steri_sheet,Printed,Sterilizer_Sheet,,2026-06-29T20:52:56.000Z,default,2026-06-29T20:52:59.082Z,default,2026-06-29T20:53:00.652Z,
recrnpcdE8QofGPdl,PRINT-260516-GPdl,lot,Printed,Bulk_Created,,2026-05-16T23:40:31.000Z,default,2026-05-16T23:40:36.633Z,default,2026-05-16T23:40:37.276Z,C:\mushroomprocess\MushroomProcess\print-daemon\logs\default\label_2026-05-16T23-40-36-632Z_recrnpcdE8QofGPdl.pdf
rectjBA7pFOKCbQn7,PRINT-260514-bQn7,lot,Printed,Bulk_Created,,2026-05-14T21:12:17.000Z,default,2026-05-14T21:12:20.805Z,default,2026-05-14T21:12:21.586Z,C:\mushroomprocess\MushroomProcess\print-daemon\logs\default\label_2026-05-14T21-12-20-805Z_rectjBA7pFOKCbQn7.pdf
recu8PVvrfSBZtWTq,PRINT-260516-tWTq,lot,Printed,Bulk_Created,,2026-05-16T23:42:45.000Z,default,2026-05-16T23:42:55.232Z,default,2026-05-16T23:42:55.922Z,C:\mushroomprocess\MushroomProcess\print-daemon\logs\default\label_2026-05-16T23-42-55-231Z_recu8PVvrfSBZtWTq.pdf
recuKFLxY99cQlfc7,PRINT-260629-lfc7,steri_sheet,Printed,Sterilizer_Sheet,,2026-06-29T20:52:45.000Z,default,2026-06-29T20:52:46.423Z,default,2026-06-29T20:52:48.328Z,
recvB9OXzYYEZ2ryb,PRINT-260525-2ryb,steri_sheet,Printed,Sterilizer_Sheet,,2026-05-25T18:58:08.000Z,default,2026-05-25T18:58:13.640Z,default,2026-05-25T18:58:16.214Z,
recvK6UH1SP67RdLK,PRINT-260614-RdLK,product,Printed,Product_Package,,2026-06-14T21:03:19.000Z,trays,2026-06-14T21:03:19.262Z,trays,2026-06-14T21:03:19.908Z,C:\mushroomprocess\MushroomProcess\print-daemon\logs\trays\label_2026-06-14T21-03-19-260Z_recvK6UH1SP67RdLK.pdf
recvw8KLDsd5Vxknv,PRINT-260512-xknv,lot,Printed,Cordyceps_Substrate_Inoculated,,2026-05-12T15:29:16.000Z,default,2026-05-12T15:29:18.514Z,default,2026-05-12T15:29:19.226Z,C:\mushroomprocess\MushroomProcess\print-daemon\logs\default\label_2026-05-12T15-29-18-512Z_recvw8KLDsd5Vxknv.pdf
recxG9ehJCJYTWpE7,PRINT-260614-WpE7,product,Printed,Product_Package,,2026-06-14T21:04:09.000Z,trays,2026-06-14T21:04:11.310Z,trays,2026-06-14T21:04:11.930Z,C:\mushroomprocess\MushroomProcess\print-daemon\logs\trays\label_2026-06-14T21-04-11-309Z_recxG9ehJCJYTWpE7.pdf
recy622eaLlE9HUpQ,PRINT-260619-HUpQ,product,Printed,Product_Package,,2026-06-19T19:07:39.000Z,default,2026-06-19T19:07:41.747Z,default,2026-06-19T19:07:42.385Z,C:\mushroomprocess\MushroomProcess\print-daemon\logs\default\label_2026-06-19T19-07-41-747Z_recy622eaLlE9HUpQ.pdf
recyFkt01c5gjg38t,PRINT-260614-g38t,product,Printed,Product_Package,,2026-06-14T21:06:13.000Z,trays,2026-06-14T21:06:15.983Z,trays,2026-06-14T21:06:16.636Z,C:\mushroomprocess\MushroomProcess\print-daemon\logs\trays\label_2026-06-14T21-06-15-981Z_recyFkt01c5gjg38t.pdf
recyQyUtGTzJ2oeC4,PRINT-260512-oeC4,lot,Printed,Bulk_Created,,2026-05-12T22:44:37.000Z,default,2026-05-12T22:44:42.539Z,default,2026-05-12T22:44:43.222Z,C:\mushroomprocess\MushroomProcess\print-daemon\logs\default\label_2026-05-12T22-44-42-539Z_recyQyUtGTzJ2oeC4.pdf
recz1lgpi9b4r9UHy,PRINT-260604-9UHy,product,Printed,Product_Package,,2026-06-04T15:38:55.000Z,default,2026-06-04T15:39:11.378Z,default,2026-06-04T15:39:15.222Z,C:\mushroomprocess\MushroomProcess\print-daemon\logs\default\label_2026-06-04T15-39-11-377Z_recz1lgpi9b4r9UHy.pdf
recz7nAmYc20GG1Xm,PRINT-260516-G1Xm,lot,Printed,Bulk_Created,,2026-05-16T23:41:30.000Z,default,2026-05-16T23:41:39.836Z,default,2026-05-16T23:41:40.515Z,C:\mushroomprocess\MushroomProcess\print-daemon\logs\default\label_2026-05-16T23-41-39-835Z_recz7nAmYc20GG1Xm.pdf
reczxbkmQw2yicUXF,PRINT-260616-cUXF,steri_sheet,Printed,Sterilizer_Sheet,,2026-06-16T16:51:31.000Z,default,2026-06-16T16:51:40.109Z,default,2026-06-16T16:51:44.063Z,