a_airtable_id,b_airtable_id
rec3KC4fKWLKAvUSc,recrl51dkaMNQJGvI
rec3KC4fKWLKAvUSc,recdePPIzqm5LaHOu
rec9ayZPHs9K5WS4K,recct2FvwlN4mcu1S
rec9ayZPHs9K5WS4K,rec33JZCIIVQVdjra
rec9ayZPHs9K5WS4K,recVgaSAr6FP7Gjk5
rec9ayZPHs9K5WS4K,recOvV84vHOMfPH0o
recB4eowfedv0edip,recTp1b96JvCOQbWT
recN0dZqueLdUrR4N,recQGhJ3w0UOTnJZo
recWi2mg0oo9QtFFx,recxnDcW69OSnJBwI
recZrabRvulEAIHGB,recya9920WDq2Ytp9
recdzi4MMq717DjmU,recz70cia2kV7Du9I
recfgGM2NY57OwLnN,rec2LRYDi4BzZgalp
recpFhRjhqhXi52yY,recCl6NU5hqNXDzxR
recpFhRjhqhXi52yY,recwGWGpMX2iPlzxV
recwC8OXLVVl9Tv7C,recyZCWibn87uq0S6
recwWg5UpF6UG5t3V,recjauxJUndsdOuNK
recwWg5UpF6UG5t3V,recwnKHoxJxt0tffZ
recz4tdr6wtSL6WHY,recCp3BFu8nwy6N03