airtable_id,lot_id,item_name_mat,qty,unit_size,status,parents_json,operator,created_at,use_by,action,item_category_mat,process_type_mat,strain_species_strain_mat,vendor_name_mat,lc_volume_ml,output_count,fruiting_goal,flush_no,harvest_weight_g,notes,syringe_count,source_type,vendor_name,vendor_batch,received_date,total_volume_ml,ui_error,ui_error_at,remaining_volume_ml,fresh_tray_count,frozen_tray_count,casing_applied_at,casing_notes,casing_qty_used_g,label_template,override_inoc_time,inoculated_at,override_spawn_time,spawned_at,sterilized_at,plate_count,plate_group_id,retired_at,beganfruiting_at,firstharvested_at,lastharvested_at
rec0ZbNh7jik9qini,LOT-260616-qini,Wild Bird Seed,1,1.75,Consumed,,operator1.email.address@mybusiness.com,2026-06-16T16:51:28.000Z,2026-09-15,,grain,Sterilize,,,,,,,,,,,,,,,,,,,,,,,,,,,,2026-06-15T16:51:00.000Z,,,,,,
rec0b4jgMlayBlkCI,LOT-260622-lkCI,Coco Verm Gypsum,1,5,Pasteurized,,operator1.email.address@mybusiness.com,2026-06-22T16:35:31.000Z,2026-09-22,,substrate,Pasteurize,,,,,,,,,,,,,,,,,,,,,,,,,,,,2026-06-22T16:35:00.000Z,,,,,,
rec0t4tXf7pubsWcD,LOT-260716-sWcD,Hardwood Substrate Bag,1,2.5,Consumed,,operator1.email.address@mybusiness.com,2026-07-16T19:09:20.000Z,2026-10-16,,substrate,Sterilize,,,,,,,,,,,,,,,,,,,,,,,,,,,,2026-07-16T19:09:00.000Z,,,,,,
rec147K0RiZBNkLe2,LOT-260519-kLe2,Masters Mix 75/25,1,7.5,Retired,,operator1.email.address@mybusiness.com,2026-05-19T18:36:16.000Z,2026-08-19,,substrate,Sterilize,,,,,,,,,,,,,,,,,,,,,,,,,,,,2026-05-19T18:36:15.927Z,,,2026-07-13T21:00:18.349Z,,,
rec20fCpEhmseFJRb,LOT-260716-FJRb,Hardwood Substrate Bag,1,2.5,Sterilized,,operator1.email.address@mybusiness.com,2026-07-16T19:09:20.000Z,2026-10-16,,substrate,Sterilize,,,,,,,,,,,,,,,,,,,,,,,,,,,,2026-07-16T19:09:00.000Z,,,,,,
rec25ehrQ6COisbWp,LOT-260622-sbWp,Coco Verm Gypsum,1,5,Pasteurized,,operator1.email.address@mybusiness.com,2026-06-22T16:35:31.000Z,2026-09-22,,substrate,Pasteurize,,,,,,,,,,,,,,,,,,,,,,,,,,,,2026-06-22T16:35:00.000Z,,,,,,
rec2GfTpiWX5HpxJB,LOT-260525-pxJB,Coco Verm Gypsum,1,5,Consumed,,operator1.email.address@mybusiness.com,2026-05-25T18:58:07.000Z,2026-08-25,,substrate,Pasteurize,,,,,,,,,,,,,,,,,,,,,,,,,,,,2026-05-25T18:58:06.442Z,,,,,,
rec2grEmnDMXTp5dk,LOT-260616-p5dk,Wild Bird Seed,1,1.75,Consumed,,operator1.email.address@mybusiness.com,2026-06-16T16:51:28.000Z,2026-09-15,,grain,Sterilize,,,,,,,,,,,,,,,,,,,,,,,,,,,,2026-06-15T16:51:00.000Z,,,,,,
rec2xEuGN2Z0Jk4Ev,LOT-260716-k4Ev,Hardwood Substrate Bag,1,2.5,Sterilized,,operator1.email.address@mybusiness.com,2026-07-16T19:09:20.000Z,2026-10-16,,substrate,Sterilize,,,,,,,,,,,,,,,,,,,,,,,,,,,,2026-07-16T19:09:00.000Z,,,,,,
rec3BAAJeezGfrTT0,LOT-260624-rTT0,Spawn Bag,1,1.5,Sterilized,,operator2.email.address@mybusiness.com,2026-06-24T22:04:28.000Z,2026-09-24,,grain,Sterilize,,,,,,,,,,,,,,,,,,,,,,,,,,,,2026-06-24T22:04:27.843Z,,,,,,
rec4OBP6yslXcGRI4,LOT-260624-GRI4,Spawn Bag,1,1.5,Sterilized,,operator2.email.address@mybusiness.com,2026-06-24T22:04:28.000Z,2026-09-24,,grain,Sterilize,,,,,,,,,,,,,,,,,,,,,,,,,,,,2026-06-24T22:04:27.843Z,,,,,,
rec4QF0LSv1qIKWqg,LOT-260519-KWqg,Masters Mix 75/25,1,7.5,Retired,,operator1.email.address@mybusiness.com,2026-05-19T18:36:16.000Z,2026-08-19,,substrate,Sterilize,,,,,,,,,,,,,,,,,,,,,,,,,,,,2026-05-19T18:36:15.927Z,,,2026-07-13T21:00:19.675Z,,,
rec4Uj5VnzfJf2VPo,LOT-260716-2VPo,Hardwood Substrate Bag,1,2.5,Sterilized,,operator1.email.address@mybusiness.com,2026-07-16T19:09:20.000Z,2026-10-16,,substrate,Sterilize,,,,,,,,,,,,,,,,,,,,,,,,,,,,2026-07-16T19:09:00.000Z,,,,,,
rec4oLI79L9qNB68Z,LOT-260616-B68Z,Wild Bird Seed,1,1.75,Consumed,,operator1.email.address@mybusiness.com,2026-06-16T16:51:28.000Z,2026-09-15,,grain,Sterilize,,,,,,,,,,,,,,,,,,,,,,,,,,,,2026-06-15T16:51:00.000Z,,,,,,
rec4p9Db7z1zpCA9a,LOT-260716-CA9a,Hardwood Substrate Bag,1,2.5,Sterilized,,operator1.email.address@mybusiness.com,2026-07-16T19:09:20.000Z,2026-10-16,,substrate,Sterilize,,,,,,,,,,,,,,,,,,,,,,,,,,,,2026-07-16T19:09:00.000Z,,,,,,
rec4rc5rjKCi7NDUv,LOT-260616-NDUv,Wild Bird Seed,1,1.75,Consumed,,operator1.email.address@mybusiness.com,2026-06-16T16:51:28.000Z,2026-09-15,,grain,Sterilize,,,,,,,,,,,,,,,,,,,,,,,,,,,,2026-06-15T16:51:00.000Z,,,,,,
rec52IiCvElVtS3ev,LOT-260716-S3ev,Hardwood Substrate Bag,1,2.5,Sterilized,,operator1.email.address@mybusiness.com,2026-07-16T19:09:20.000Z,2026-10-16,,substrate,Sterilize,,,,,,,,,,,,,,,,,,,,,,,,,,,,2026-07-16T19:09:00.000Z,,,,,,
rec6EZ3Bj2890D8Xu,LOT-260716-D8Xu,Hardwood Substrate Bag,1,2.5,Sterilized,,operator1.email.address@mybusiness.com,2026-07-16T19:09:20.000Z,2026-10-16,,substrate,Sterilize,,,,,,,,,,,,,,,,,,,,,,,,,,,,2026-07-16T19:09:00.000Z,,,,,,
rec6Fc3fiYmEnlQzd,LOT-260706-lQzd,Large Masters Mix 75/25,1,8.5,Colonizing,"[""recz4jMWuvWAQbc8D"",""recCz4rOB1BVEvIgI"",""rec4yeZBeQ9LhH9el""]",,2026-07-06T20:17:19.000Z,2026-10-06,,fruiting_block,,Blue Oyster,Fungaia,,,,,,,,,,,,,,,,,,,,,Bulk_Created,,,,2026-07-06T20:17:00.000Z,,,,,,,
rec6aa0uS3gzxGQJD,LOT-260716-GQJD,Hardwood Substrate Bag,1,7.5,Sterilized,,operator1.email.address@mybusiness.com,2026-07-16T19:09:41.000Z,2026-10-16,,substrate,Sterilize,,,,,,,,,,,,,,,,,,,,,,,,,,,,2026-07-16T19:09:00.000Z,,,,,,
rec6mm1yfRZV0Jqvx,LOT-260616-Jqvx,Wild Bird Seed,1,1.75,Sterilized,,operator1.email.address@mybusiness.com,2026-06-16T16:51:28.000Z,2026-09-15,,grain,Sterilize,,,,,,,,,,,,,,,,,,,,,,,,,,,,2026-06-15T16:51:00.000Z,,,,,,
rec7F7THmBRnktbWx,LOT-260716-tbWx,Hardwood Substrate Bag,1,7.5,Sterilized,,operator1.email.address@mybusiness.com,2026-07-16T19:09:41.000Z,2026-10-16,,substrate,Sterilize,,,,,,,,,,,,,,,,,,,,,,,,,,,,2026-07-16T19:09:00.000Z,,,,,,
rec7z6nOIDrst4LAY,LOT-260624-4LAY,Spawn Bag,1,1.5,Sterilized,,operator2.email.address@mybusiness.com,2026-06-24T22:04:28.000Z,2026-09-24,,grain,Sterilize,,,,,,,,,,,,,,,,,,,,,,,,,,,,2026-06-24T22:04:27.843Z,,,,,,
rec9EerbKzs9DhNXW,LOT-260616-hNXW,Wild Bird Seed,1,1.75,Sterilized,,operator1.email.address@mybusiness.com,2026-06-16T16:51:28.000Z,2026-09-15,,grain,Sterilize,,,,,,,,,,,,,,,,,,,,,,,,,,,,2026-06-15T16:51:00.000Z,,,,,,
rec9L06DeDQ6IuaOT,LOT-260616-uaOT,Wild Bird Seed,1,1.75,Sterilized,,operator1.email.address@mybusiness.com,2026-06-16T16:51:28.000Z,2026-09-15,,grain,Sterilize,,,,,,,,,,,,,,,,,,,,,,,,,,,,2026-06-15T16:51:00.000Z,,,,,,
rec9yiBRxlKBdMiGH,LOT-260616-MiGH,Wild Bird Seed,1,1.75,Sterilized,,operator1.email.address@mybusiness.com,2026-06-16T16:51:28.000Z,2026-09-15,,grain,Sterilize,,,,,,,,,,,,,,,,,,,,,,,,,,,,2026-06-15T16:51:00.000Z,,,,,,
recA1cEC9hIc7MXzp,LOT-260706-MXzp,Large Masters Mix 75/25,1,8.5,Colonizing,"[""reccNKmQ81Gw9tdqs"",""rec20crkKcED5G637"",""recFr4uYO9qmWoGlJ""]",,2026-07-06T20:16:47.000Z,2026-10-06,,fruiting_block,,Chestnut,Fungaia,,,,,,,,,,,,,,,,,,,,,Bulk_Created,,,,2026-07-06T20:11:00.000Z,,,,,,,
recA5hUFz1FetrJnS,LOT-260525-rJnS,Coco Verm Gypsum,1,5,Consumed,,operator1.email.address@mybusiness.com,2026-05-25T18:58:07.000Z,2026-08-25,,substrate,Pasteurize,,,,,,,,,,,,,,,,,,,,,,,,,,,,2026-05-25T18:58:06.442Z,,,,,,
recAAEjZeL3m5X9hB,LOT-260629-X9hB,CVG Substrate Bag,1,5,Sterilized,,,2026-06-29T20:53:10.000Z,2026-09-29,,substrate,Sterilize,,,,,,,,,,,,,,,,,,,,,,,,,,,,2026-06-29T20:53:00.000Z,,,,,,
recArAEsTvuIqOP2L,LOT-260629-OP2L,CVG Substrate Bag,1,5,Consumed,,,2026-06-29T20:53:10.000Z,2026-09-29,,substrate,Sterilize,,,,,,,,,,,,,,,,,,,,,,,,,,,,2026-06-29T20:53:00.000Z,,,,,,
recB1gDpfWRofdCyo,LOT-260616-dCyo,Wild Bird Seed,1,1.75,Sterilized,,operator1.email.address@mybusiness.com,2026-06-16T16:51:28.000Z,2026-09-15,,grain,Sterilize,,,,,,,,,,,,,,,,,,,,,,,,,,,,2026-06-15T16:51:00.000Z,,,,,,
recBA0b4p7yCmn03H,LOT-260519-n03H,Masters Mix 75/25,1,7.5,Retired,,operator1.email.address@mybusiness.com,2026-05-19T18:36:16.000Z,2026-08-19,,substrate,Sterilize,,,,,,,,,,,,,,,,,,,,,,,,,,,,2026-05-19T18:36:15.927Z,,,2026-07-13T21:00:20.757Z,,,
recBEUiMv5eUCTaB2,LOT-260616-TaB2,Wild Bird Seed,1,1.75,Sterilized,,operator1.email.address@mybusiness.com,2026-06-16T16:51:28.000Z,2026-09-15,,grain,Sterilize,,,,,,,,,,,,,,,,,,,,,,,,,,,,2026-06-15T16:51:00.000Z,,,,,,
recBEe3LS4QiH5C7j,LOT-260616-5C7j,Wild Bird Seed,1,1.75,Sterilized,,operator1.email.address@mybusiness.com,2026-06-16T16:51:28.000Z,2026-09-15,,grain,Sterilize,,,,,,,,,,,,,,,,,,,,,,,,,,,,2026-06-15T16:51:00.000Z,,,,,,
recBNpxd36PTxrmAM,LOT-260622-rmAM,Coco Verm Gypsum,1,5,Pasteurized,,operator1.email.address@mybusiness.com,2026-06-22T16:35:31.000Z,2026-09-22,,substrate,Pasteurize,,,,,,,,,,,,,,,,,,,,,,,,,,,,2026-06-22T16:35:00.000Z,,,,,,
recBPx5P1SpV9OQBL,LOT-260716-OQBL,Hardwood Substrate Bag,1,7.5,Sterilized,,operator1.email.address@mybusiness.com,2026-07-16T19:09:41.000Z,2026-10-16,,substrate,Sterilize,,,,,,,,,,,,,,,,,,,,,,,,,,,,2026-07-16T19:09:00.000Z,,,,,,
recBQ1BCwvv19mmQl,LOT-260624-mmQl,Spawn Bag,1,1.5,Sterilized,,operator2.email.address@mybusiness.com,2026-06-24T22:04:28.000Z,2026-09-24,,grain,Sterilize,,,,,,,,,,,,,,,,,,,,,,,,,,,,2026-06-24T22:04:27.843Z,,,,,,
recBXsoAmyR34PeAt,LOT-260624-PeAt,Spawn Bag,1,1.5,Sterilized,,operator2.email.address@mybusiness.com,2026-06-24T22:04:28.000Z,2026-09-24,,grain,Sterilize,,,,,,,,,,,,,,,,,,,,,,,,,,,,2026-06-24T22:04:27.843Z,,,,,,
recCb5n7AOjzD67Er,LOT-260716-67Er,Hardwood Substrate Bag,1,2.5,Sterilized,,operator1.email.address@mybusiness.com,2026-07-16T19:09:20.000Z,2026-10-16,,substrate,Sterilize,,,,,,,,,,,,,,,,,,,,,,,,,,,,2026-07-16T19:09:00.000Z,,,,,,
recDO1ruyZ5shDVss,LOT-260616-DVss,Wild Bird Seed,1,1.75,Sterilized,,operator1.email.address@mybusiness.com,2026-06-16T16:51:28.000Z,2026-09-15,,grain,Sterilize,,,,,,,,,,,,,,,,,,,,,,,,,,,,2026-06-15T16:51:00.000Z,,,,,,
recEzw36CoJblPJXI,LOT-260624-PJXI,Spawn Bag,1,1.5,Sterilized,,operator2.email.address@mybusiness.com,2026-06-24T22:04:28.000Z,2026-09-24,,grain,Sterilize,,,,,,,,,,,,,,,,,,,,,,,,,,,,2026-06-24T22:04:27.843Z,,,,,,
recGJ6ZVsuDPmH6U3,LOT-260629-H6U3,CVG Substrate Bag,1,5,Sterilized,,,2026-06-29T20:53:10.000Z,2026-09-29,,substrate,Sterilize,,,,,,,,,,,,,,,,,,,,,,,,,,,,2026-06-29T20:53:00.000Z,,,,,,
recH2LOLClpxeE3zO,LOT-260713-E3zO,Small Masters Mix 75/25,1,3.1666666666666665,Colonizing,"[""recuFurbEVrwWYrz8"",""recmFku57yRtfqkub"",""receL0vTHMoY5B30M"",""recp7KLAsLcPgLVDJ""]",,2026-07-13T20:58:53.000Z,2026-10-13,,fruiting_block,,Lion’s Mane,MYYCO,,,,,,,,,,,,,,,,,,,,,Bulk_Created,,,,2026-07-13T20:58:00.000Z,,,,,,,
recHAOR5eDiAccMlT,LOT-260624-cMlT,Spawn Bag,1,1.5,Sterilized,,operator2.email.address@mybusiness.com,2026-06-24T22:04:28.000Z,2026-09-24,,grain,Sterilize,,,,,,,,,,,,,,,,,,,,,,,,,,,,2026-06-24T22:04:27.843Z,,,,,,
recHY0lhyfXCMAWdV,LOT-260622-AWdV,Coco Verm Gypsum,1,5,Pasteurized,,operator1.email.address@mybusiness.com,2026-06-22T16:35:31.000Z,2026-09-22,,substrate,Pasteurize,,,,,,,,,,,,,,,,,,,,,,,,,,,,2026-06-22T16:35:00.000Z,,,,,,
recHg7kSIq1b9s5QP,LOT-260629-s5QP,All-in-One Bag,1,5,Sterilized,,operator2.email.address@mybusiness.com,2026-06-29T20:52:44.000Z,,,all_in_one_bag,Sterilize,,,,,,,,,,,,,,,,,,,,,,,,,,,,2026-06-29T20:52:43.485Z,,,,,,
recIZMdTl2YCcPCxQ,LOT-260716-PCxQ,Hardwood Substrate Bag,1,7.5,Sterilized,,operator1.email.address@mybusiness.com,2026-07-16T19:09:41.000Z,2026-10-16,,substrate,Sterilize,,,,,,,,,,,,,,,,,,,,,,,,,,,,2026-07-16T19:09:00.000Z,,,,,,
recIuHYUmF1q1F4ex,LOT-260716-F4ex,Hardwood Substrate Bag,1,7.5,Sterilized,,operator1.email.address@mybusiness.com,2026-07-16T19:09:41.000Z,2026-10-16,,substrate,Sterilize,,,,,,,,,,,,,,,,,,,,,,,,,,,,2026-07-16T19:09:00.000Z,,,,,,
recIuUpWM4VtZkQ24,LOT-260716-kQ24,Fruiting Block,1,3.1666666666666665,Colonizing,"[""rec3j4FEb64EiScwX"",""rec0t4tXf7pubsWcD"",""recOebh3B6AuifYKs"",""recnYBktdkxdyESip""]",,2026-07-16T19:32:59.000Z,2026-10-16,,fruiting_block,,Lion’s Mane,Fungaia,,,,,,,,,,,,,,,,,,,,,Bulk_Created,,,,2026-07-16T19:32:58.425Z,,,,,,,
recJ5nNtOEQ5bUFH2,LOT-260616-UFH2,Wild Bird Seed,1,1.75,Sterilized,,operator1.email.address@mybusiness.com,2026-06-16T16:51:28.000Z,2026-09-15,,grain,Sterilize,,,,,,,,,,,,,,,,,,,,,,,,,,,,2026-06-15T16:51:00.000Z,,,,,,
recJ9apcaFgcCboZF,LOT-260716-boZF,Hardwood Substrate Bag,1,2.5,Consumed,,operator1.email.address@mybusiness.com,2026-07-16T19:09:20.000Z,2026-10-16,,substrate,Sterilize,,,,,,,,,,,,,,,,,,,,,,,,,,,,2026-07-16T19:09:00.000Z,,,,,,
recJXWWwar8l9BvYp,LOT-260616-BvYp,Wild Bird Seed,1,1.75,Sterilized,,operator1.email.address@mybusiness.com,2026-06-16T16:51:28.000Z,2026-09-15,,grain,Sterilize,,,,,,,,,,,,,,,,,,,,,,,,,,,,2026-06-15T16:51:00.000Z,,,,,,
recJXkwdqOWh7DQO2,LOT-260629-DQO2,All-in-One Bag,1,3,Sterilized,,operator2.email.address@mybusiness.com,2026-06-29T20:52:54.000Z,,,all_in_one_bag,Sterilize,,,,,,,,,,,,,,,,,,,,,,,,,,,,2026-06-29T20:52:53.810Z,,,,,,
recKBrbqslqu78ApW,LOT-260716-8ApW,Hardwood Substrate Bag,1,2.5,Sterilized,,operator1.email.address@mybusiness.com,2026-07-16T19:09:20.000Z,2026-10-16,,substrate,Sterilize,,,,,,,,,,,,,,,,,,,,,,,,,,,,2026-07-16T19:09:00.000Z,,,,,,
recKhtUUrmcFvQQ80,LOT-260616-QQ80,Wild Bird Seed,1,1.75,Sterilized,,operator1.email.address@mybusiness.com,2026-06-16T16:51:28.000Z,2026-09-15,,grain,Sterilize,,,,,,,,,,,,,,,,,,,,,,,,,,,,2026-06-15T16:51:00.000Z,,,,,,
recKrk9ibdKjBoUsI,LOT-260616-oUsI,Wild Bird Seed,1,1.75,Sterilized,,operator1.email.address@mybusiness.com,2026-06-16T16:51:28.000Z,2026-09-15,,grain,Sterilize,,,,,,,,,,,,,,,,,,,,,,,,,,,,2026-06-15T16:51:00.000Z,,,,,,
recKxxfzpa3mMcn0V,LOT-260624-cn0V,Spawn Bag,1,1.5,Sterilized,,operator2.email.address@mybusiness.com,2026-06-24T22:04:28.000Z,2026-09-24,,grain,Sterilize,,,,,,,,,,,,,,,,,,,,,,,,,,,,2026-06-24T22:04:27.843Z,,,,,,
recL1ZrJ20r94Q6Jr,LOT-260525-Q6Jr,Coco Verm Gypsum,1,5,Consumed,,operator1.email.address@mybusiness.com,2026-05-25T18:58:07.000Z,2026-08-25,,substrate,Pasteurize,,,,,,,,,,,,,,,,,,,,,,,,,,,,2026-05-25T18:58:06.442Z,,,,,,
recLxbYolvrzsPB1s,LOT-260519-PB1s,Masters Mix 75/25,1,7.5,Retired,,operator1.email.address@mybusiness.com,2026-05-19T18:36:16.000Z,2026-08-19,,substrate,Sterilize,,,,,,,,,,,,,,,,,,,,,,,,,,,,2026-05-19T18:36:15.927Z,,,2026-07-13T21:00:51.230Z,,,
recMYXLsY6O8DTZLQ,LOT-260624-TZLQ,Spawn Bag,1,1.5,Sterilized,,operator2.email.address@mybusiness.com,2026-06-24T22:04:28.000Z,2026-09-24,,grain,Sterilize,,,,,,,,,,,,,,,,,,,,,,,,,,,,2026-06-24T22:04:27.843Z,,,,,,
recMk624t2UdwEOLI,LOT-260616-EOLI,Wild Bird Seed,1,1.75,Sterilized,,operator1.email.address@mybusiness.com,2026-06-16T16:51:28.000Z,2026-09-15,,grain,Sterilize,,,,,,,,,,,,,,,,,,,,,,,,,,,,2026-06-15T16:51:00.000Z,,,,,,
recMyorV9vFyHTgce,LOT-260622-Tgce,Coco Verm Gypsum,1,5,Pasteurized,,operator1.email.address@mybusiness.com,2026-06-22T16:35:31.000Z,2026-09-22,,substrate,Pasteurize,,,,,,,,,,,,,,,,,,,,,,,,,,,,2026-06-22T16:35:00.000Z,,,,,,
recNNzT8FZIc94UDu,LOT-260624-4UDu,Spawn Bag,1,1.5,Sterilized,,operator2.email.address@mybusiness.com,2026-06-24T22:04:28.000Z,2026-09-24,,grain,Sterilize,,,,,,,,,,,,,,,,,,,,,,,,,,,,2026-06-24T22:04:27.843Z,,,,,,
recO5KoRn7EFWyznB,LOT-260624-yznB,All-in-One Bag,1,5,Sterilized,,operator2.email.address@mybusiness.com,2026-06-24T22:15:42.000Z,,,all_in_one_bag,Sterilize,,,,,,,,,,,,,,,,,,,,,,,,,,,,2026-06-24T22:15:41.781Z,,,,,,
recOcbDldTKj2rSiB,LOT-260716-rSiB,Fruiting Block,1,3.1666666666666665,Colonizing,"[""recflofAblWGLAYo4"",""recg3oW0OvDVnyTL6"",""recPZ9TWSnPW84Aqy"",""reczAOAVJ591qCoFp""]",,2026-07-16T19:31:13.000Z,2026-10-16,,fruiting_block,,Chestnut,Fungaia,,,,,,,,,,,,,,,,,,,,,Bulk_Created,,,,2026-07-16T19:31:12.371Z,,,,,,,
recOebh3B6AuifYKs,LOT-260716-fYKs,Hardwood Substrate Bag,1,2.5,Consumed,,operator1.email.address@mybusiness.com,2026-07-16T19:09:20.000Z,2026-10-16,,substrate,Sterilize,,,,,,,,,,,,,,,,,,,,,,,,,,,,2026-07-16T19:09:00.000Z,,,,,,
recPZ9TWSnPW84Aqy,LOT-260716-4Aqy,Hardwood Substrate Bag,1,2.5,Consumed,,operator1.email.address@mybusiness.com,2026-07-16T19:09:20.000Z,2026-10-16,,substrate,Sterilize,,,,,,,,,,,,,,,,,,,,,,,,,,,,2026-07-16T19:09:00.000Z,,,,,,
recPuIpwjVXZLMpoj,LOT-260624-Mpoj,Spawn Bag,1,1.5,Sterilized,,operator2.email.address@mybusiness.com,2026-06-24T22:04:28.000Z,2026-09-24,,grain,Sterilize,,,,,,,,,,,,,,,,,,,,,,,,,,,,2026-06-24T22:04:27.843Z,,,,,,
recQ48QM2SOxGr5q6,LOT-260622-r5q6,Coco Verm Gypsum,1,5,Pasteurized,,operator1.email.address@mybusiness.com,2026-06-22T16:35:31.000Z,2026-09-22,,substrate,Pasteurize,,,,,,,,,,,,,,,,,,,,,,,,,,,,2026-06-22T16:35:00.000Z,,,,,,
recQCw2tD2D8dThGJ,LOT-260523-ThGJ,Wild Bird Seed,1,2,Retired,,operator1.email.address@mybusiness.com,2026-05-23T19:07:28.000Z,2026-08-23,,grain,Sterilize,,,,,,,,,,,,,,,,,,,,,,,,,,,,2026-05-23T19:07:25.243Z,,,2026-06-19T19:06:43.733Z,,,
recQL1ba8bpOBG5hp,LOT-260616-G5hp,Wild Bird Seed,1,1.75,Sterilized,,operator1.email.address@mybusiness.com,2026-06-16T16:51:28.000Z,2026-09-15,,grain,Sterilize,,,,,,,,,,,,,,,,,,,,,,,,,,,,2026-06-15T16:51:00.000Z,,,,,,
recQPzYNkzfXRQeUk,LOT-260616-QeUk,Wild Bird Seed,1,1.75,Sterilized,,operator1.email.address@mybusiness.com,2026-06-16T16:51:28.000Z,2026-09-15,,grain,Sterilize,,,,,,,,,,,,,,,,,,,,,,,,,,,,2026-06-15T16:51:00.000Z,,,,,,
recQST9Vx5j2Tr9R2,LOT-260716-r9R2,Hardwood Substrate Bag,1,2.5,Consumed,,operator1.email.address@mybusiness.com,2026-07-16T19:09:20.000Z,2026-10-16,,substrate,Sterilize,,,,,,,,,,,,,,,,,,,,,,,,,,,,2026-07-16T19:09:00.000Z,,,,,,
recQrKnDoXaXzauZP,LOT-260616-auZP,Wild Bird Seed,1,1.75,Sterilized,,operator1.email.address@mybusiness.com,2026-06-16T16:51:28.000Z,2026-09-15,,grain,Sterilize,,,,,,,,,,,,,,,,,,,,,,,,,,,,2026-06-15T16:51:00.000Z,,,,,,
recRVieeEy7V1A2oH,LOT-260624-A2oH,Spawn Bag,1,1.5,Sterilized,,operator2.email.address@mybusiness.com,2026-06-24T22:04:28.000Z,2026-09-24,,grain,Sterilize,,,,,,,,,,,,,,,,,,,,,,,,,,,,2026-06-24T22:04:27.843Z,,,,,,
recRb0vUXAp6XnoaL,LOT-260616-noaL,Wild Bird Seed,1,1.75,Sterilized,,operator1.email.address@mybusiness.com,2026-06-16T16:51:28.000Z,2026-09-15,,grain,Sterilize,,,,,,,,,,,,,,,,,,,,,,,,,,,,2026-06-15T16:51:00.000Z,,,,,,
recSLVWNUGT7WBO84,LOT-260616-BO84,Wild Bird Seed,1,1.75,Sterilized,,operator1.email.address@mybusiness.com,2026-06-16T16:51:28.000Z,2026-09-15,,grain,Sterilize,,,,,,,,,,,,,,,,,,,,,,,,,,,,2026-06-15T16:51:00.000Z,,,,,,
recT36veqmyLuMyCf,LOT-260716-MyCf,Hardwood Substrate Bag,1,2.5,Sterilized,,operator1.email.address@mybusiness.com,2026-07-16T19:09:20.000Z,2026-10-16,,substrate,Sterilize,,,,,,,,,,,,,,,,,,,,,,,,,,,,2026-07-16T19:09:00.000Z,,,,,,
recT9NdvFU8PiJ9in,LOT-260525-J9in,Coco Verm Gypsum,1,5,Consumed,,operator1.email.address@mybusiness.com,2026-05-25T18:58:07.000Z,2026-08-25,,substrate,Pasteurize,,,,,,,,,,,,,,,,,,,,,,,,,,,,2026-05-25T18:58:06.442Z,,,,,,
recTAIrKrJWH6SHP7,LOT-260622-SHP7,Coco Verm Gypsum,1,5,Pasteurized,,operator1.email.address@mybusiness.com,2026-06-22T16:35:31.000Z,2026-09-22,,substrate,Pasteurize,,,,,,,,,,,,,,,,,,,,,,,,,,,,2026-06-22T16:35:00.000Z,,,,,,
recTCNIK9Yo3hovk4,LOT-260616-ovk4,Wild Bird Seed,1,1.75,Sterilized,,operator1.email.address@mybusiness.com,2026-06-16T16:51:28.000Z,2026-09-15,,grain,Sterilize,,,,,,,,,,,,,,,,,,,,,,,,,,,,2026-06-15T16:51:00.000Z,,,,,,
recTEJwkdNN6hSvcJ,LOT-260713-SvcJ,Small Masters Mix 75/25,1,3.1666666666666665,Colonizing,"[""recuFurbEVrwWYrz8"",""recmFku57yRtfqkub"",""receL0vTHMoY5B30M"",""recp7KLAsLcPgLVDJ""]",,2026-07-13T20:58:53.000Z,2026-10-13,,fruiting_block,,Lion’s Mane,MYYCO,,,,,,,,,,,,,,,,,,,,,Bulk_Created,,,,2026-07-13T20:58:00.000Z,,,,,,,
recTdtwLo8Msk7ahC,LOT-260616-7ahC,Wild Bird Seed,1,1.75,Sterilized,,operator1.email.address@mybusiness.com,2026-06-16T16:51:28.000Z,2026-09-15,,grain,Sterilize,,,,,,,,,,,,,,,,,,,,,,,,,,,,2026-06-15T16:51:00.000Z,,,,,,
recUFG8B3wbTal8EG,LOT-260624-l8EG,Spawn Bag,1,1.5,Sterilized,,operator2.email.address@mybusiness.com,2026-06-24T22:04:28.000Z,2026-09-24,,grain,Sterilize,,,,,,,,,,,,,,,,,,,,,,,,,,,,2026-06-24T22:04:27.843Z,,,,,,
recUNebjseeNPKaYQ,LOT-260624-KaYQ,Spawn Bag,1,1.5,Sterilized,,operator2.email.address@mybusiness.com,2026-06-24T22:04:28.000Z,2026-09-24,,grain,Sterilize,,,,,,,,,,,,,,,,,,,,,,,,,,,,2026-06-24T22:04:27.843Z,,,,,,
recUX1QIUlhokWpq4,LOT-260616-Wpq4,Wild Bird Seed,1,1.75,Sterilized,,operator1.email.address@mybusiness.com,2026-06-16T16:51:28.000Z,2026-09-15,,grain,Sterilize,,,,,,,,,,,,,,,,,,,,,,,,,,,,2026-06-15T16:51:00.000Z,,,,,,
recUpUMZX90wXzMhx,LOT-260616-zMhx,Wild Bird Seed,1,1.75,Sterilized,,operator1.email.address@mybusiness.com,2026-06-16T16:51:28.000Z,2026-09-15,,grain,Sterilize,,,,,,,,,,,,,,,,,,,,,,,,,,,,2026-06-15T16:51:00.000Z,,,,,,
recVOPcWL1YW7PM88,LOT-260616-PM88,Wild Bird Seed,1,1.75,Sterilized,,operator1.email.address@mybusiness.com,2026-06-16T16:51:28.000Z,2026-09-15,,grain,Sterilize,,,,,,,,,,,,,,,,,,,,,,,,,,,,2026-06-15T16:51:00.000Z,,,,,,
recVVV3KkUP9F8tzR,LOT-260629-8tzR,CVG Substrate Bag,1,5,Sterilized,,,2026-06-29T20:53:10.000Z,2026-09-29,,substrate,Sterilize,,,,,,,,,,,,,,,,,,,,,,,,,,,,2026-06-29T20:53:00.000Z,,,,,,
recVXZFzKKBMswEVx,LOT-260616-wEVx,Wild Bird Seed,1,1.75,Sterilized,,operator1.email.address@mybusiness.com,2026-06-16T16:51:28.000Z,2026-09-15,,grain,Sterilize,,,,,,,,,,,,,,,,,,,,,,,,,,,,2026-06-15T16:51:00.000Z,,,,,,
recVw4JQHpPp2eA3m,LOT-260616-eA3m,Wild Bird Seed,1,1.75,Sterilized,,operator1.email.address@mybusiness.com,2026-06-16T16:51:28.000Z,2026-09-15,,grain,Sterilize,,,,,,,,,,,,,,,,,,,,,,,,,,,,2026-06-15T16:51:00.000Z,,,,,,
recW3crthW54d7ECk,LOT-260624-7ECk,Spawn Bag,1,1.5,Sterilized,,operator2.email.address@mybusiness.com,2026-06-24T22:04:28.000Z,2026-09-24,,grain,Sterilize,,,,,,,,,,,,,,,,,,,,,,,,,,,,2026-06-24T22:04:27.843Z,,,,,,
recXS1mY68g97ljFW,LOT-260629-ljFW,CVG Substrate Bag,1,5,Sterilized,,,2026-06-29T20:53:10.000Z,2026-09-29,,substrate,Sterilize,,,,,,,,,,,,,,,,,,,,,,,,,,,,2026-06-29T20:53:00.000Z,,,,,,
recYOXjQcjfSd8yfT,LOT-260624-8yfT,Spawn Bag,1,1.5,Sterilized,,operator2.email.address@mybusiness.com,2026-06-24T22:04:28.000Z,2026-09-24,,grain,Sterilize,,,,,,,,,,,,,,,,,,,,,,,,,,,,2026-06-24T22:04:27.843Z,,,,,,
recYxO1hew8XvwllH,LOT-260523-wllH,Wild Bird Seed,1,2,Retired,,operator1.email.address@mybusiness.com,2026-05-23T19:07:28.000Z,2026-08-23,,grain,Sterilize,,,,,,,,,,,,,,,,,,,,,,,,,,,,2026-05-23T19:07:25.243Z,,,2026-06-19T19:06:48.673Z,,,
recYzX9StSx6mBAFW,LOT-260616-BAFW,Wild Bird Seed,1,1.75,Sterilized,,operator1.email.address@mybusiness.com,2026-06-16T16:51:28.000Z,2026-09-15,,grain,Sterilize,,,,,,,,,,,,,,,,,,,,,,,,,,,,2026-06-15T16:51:00.000Z,,,,,,
recZE49Mte1TG2CXC,LOT-260624-2CXC,Spawn Bag,1,1.5,Sterilized,,operator2.email.address@mybusiness.com,2026-06-24T22:04:28.000Z,2026-09-24,,grain,Sterilize,,,,,,,,,,,,,,,,,,,,,,,,,,,,2026-06-24T22:04:27.843Z,,,,,,
recZZPMcrQpkcUFXv,LOT-260716-UFXv,Fruiting Block,1,3.1666666666666665,Colonizing,"[""recflofAblWGLAYo4"",""recg3oW0OvDVnyTL6"",""recPZ9TWSnPW84Aqy"",""reczAOAVJ591qCoFp""]",,2026-07-16T19:31:13.000Z,2026-10-16,,fruiting_block,,Chestnut,Fungaia,,,,,,,,,,,,,,,,,,,,,Bulk_Created,,,,2026-07-16T19:31:12.371Z,,,,,,,
recZm7U14atzF7Uyn,LOT-260716-7Uyn,Fruiting Block,1,3.1666666666666665,Colonizing,"[""rec3j4FEb64EiScwX"",""rec0t4tXf7pubsWcD"",""recOebh3B6AuifYKs"",""recnYBktdkxdyESip""]",,2026-07-16T19:32:59.000Z,2026-10-16,,fruiting_block,,Lion’s Mane,Fungaia,,,,,,,,,,,,,,,,,,,,,Bulk_Created,,,,2026-07-16T19:32:58.425Z,,,,,,,
recZveGev49KRYxJc,LOT-260616-YxJc,Wild Bird Seed,1,1.75,Sterilized,,operator1.email.address@mybusiness.com,2026-06-16T16:51:28.000Z,2026-09-15,,grain,Sterilize,,,,,,,,,,,,,,,,,,,,,,,,,,,,2026-06-15T16:51:00.000Z,,,,,,
reca0loZu6y2aluhU,LOT-260716-luhU,Hardwood Substrate Bag,1,2.5,Sterilized,,operator1.email.address@mybusiness.com,2026-07-16T19:09:20.000Z,2026-10-16,,substrate,Sterilize,,,,,,,,,,,,,,,,,,,,,,,,,,,,2026-07-16T19:09:00.000Z,,,,,,
recb9RqSMSDn0u4yX,LOT-260616-u4yX,Wild Bird Seed,1,1.75,Sterilized,,operator1.email.address@mybusiness.com,2026-06-16T16:51:28.000Z,2026-09-15,,grain,Sterilize,,,,,,,,,,,,,,,,,,,,,,,,,,,,2026-06-15T16:51:00.000Z,,,,,,
recbGOSbpL74ctE1g,LOT-260622-tE1g,Coco Verm Gypsum,1,5,Pasteurized,,operator1.email.address@mybusiness.com,2026-06-22T16:35:31.000Z,2026-09-22,,substrate,Pasteurize,,,,,,,,,,,,,,,,,,,,,,,,,,,,2026-06-22T16:35:00.000Z,,,,,,
recbWgjsAIm0fXSHI,LOT-260716-XSHI,Hardwood Substrate Bag,1,2.5,Sterilized,,operator1.email.address@mybusiness.com,2026-07-16T19:09:20.000Z,2026-10-16,,substrate,Sterilize,,,,,,,,,,,,,,,,,,,,,,,,,,,,2026-07-16T19:09:00.000Z,,,,,,
recbYw9MqT0gM8tfr,LOT-260624-8tfr,Spawn Bag,1,1.5,Sterilized,,operator2.email.address@mybusiness.com,2026-06-24T22:04:28.000Z,2026-09-24,,grain,Sterilize,,,,,,,,,,,,,,,,,,,,,,,,,,,,2026-06-24T22:04:27.843Z,,,,,,
recbdDtcPWKKK1ull,LOT-260716-1ull,Hardwood Substrate Bag,1,7.5,Sterilized,,operator1.email.address@mybusiness.com,2026-07-16T19:09:41.000Z,2026-10-16,,substrate,Sterilize,,,,,,,,,,,,,,,,,,,,,,,,,,,,2026-07-16T19:09:00.000Z,,,,,,
reccAUeoNlKQOlJib,LOT-260624-lJib,All-in-One Bag,1,5,Sterilized,,operator2.email.address@mybusiness.com,2026-06-24T22:15:42.000Z,,,all_in_one_bag,Sterilize,,,,,,,,,,,,,,,,,,,,,,,,,,,,2026-06-24T22:15:41.781Z,,,,,,
recdPAu9xkT4DD4GH,LOT-260624-D4GH,Spawn Bag,1,1.5,Sterilized,,operator2.email.address@mybusiness.com,2026-06-24T22:04:28.000Z,2026-09-24,,grain,Sterilize,,,,,,,,,,,,,,,,,,,,,,,,,,,,2026-06-24T22:04:27.843Z,,,,,,
recdR544DMHw0OCg9,LOT-260525-OCg9,Coco Verm Gypsum,1,5,Consumed,,operator1.email.address@mybusiness.com,2026-05-25T18:58:07.000Z,2026-08-25,,substrate,Pasteurize,,,,,,,,,,,,,,,,,,,,,,,,,,,,2026-05-25T18:58:06.442Z,,,,,,
receOrZTxhMBhkRDH,LOT-260624-kRDH,Spawn Bag,1,1.5,Sterilized,,operator2.email.address@mybusiness.com,2026-06-24T22:04:28.000Z,2026-09-24,,grain,Sterilize,,,,,,,,,,,,,,,,,,,,,,,,,,,,2026-06-24T22:04:27.843Z,,,,,,
receXyX0xRj94sHQo,LOT-260519-sHQo,Masters Mix 75/25,1,7.5,Retired,,operator1.email.address@mybusiness.com,2026-05-19T18:36:16.000Z,2026-08-19,,substrate,Sterilize,,,,,,,,,,,,,,,,,,,,,,,,,,,,2026-05-19T18:36:15.927Z,,,2026-07-13T21:00:50.098Z,,,
recer483vxFZJnNYT,LOT-260716-nNYT,Fruiting Block,1,3.1666666666666665,Colonizing,"[""recflofAblWGLAYo4"",""recg3oW0OvDVnyTL6"",""recPZ9TWSnPW84Aqy"",""reczAOAVJ591qCoFp""]",,2026-07-16T19:31:13.000Z,2026-10-16,,fruiting_block,,Chestnut,Fungaia,,,,,,,,,,,,,,,,,,,,,Bulk_Created,,,,2026-07-16T19:31:12.371Z,,,,,,,
recf3lihSPXKCR8ul,LOT-260616-R8ul,Wild Bird Seed,1,1.75,Sterilized,,operator1.email.address@mybusiness.com,2026-06-16T16:51:28.000Z,2026-09-15,,grain,Sterilize,,,,,,,,,,,,,,,,,,,,,,,,,,,,2026-06-15T16:51:00.000Z,,,,,,
recfTKQt97CPJYj2M,LOT-260716-Yj2M,Fruiting Block,1,3.1666666666666665,Colonizing,"[""recfGPOZJ9R0N6QWZ"",""recJ9apcaFgcCboZF"",""reclZmMP755JTJ0yh"",""recQST9Vx5j2Tr9R2""]",,2026-07-16T19:32:12.000Z,2026-10-16,,fruiting_block,,Black Pearl King Oyster,MYYCO,,,,,,,,,,,,,,,,,,,,,Bulk_Created,,,,2026-07-16T19:32:11.334Z,,,,,,,
recg3oW0OvDVnyTL6,LOT-260716-yTL6,Hardwood Substrate Bag,1,2.5,Consumed,,operator1.email.address@mybusiness.com,2026-07-16T19:09:20.000Z,2026-10-16,,substrate,Sterilize,,,,,,,,,,,,,,,,,,,,,,,,,,,,2026-07-16T19:09:00.000Z,,,,,,
rechupBWHW7wvvvi2,LOT-260525-vvi2,Coco Verm Gypsum,1,5,Consumed,,operator1.email.address@mybusiness.com,2026-05-25T18:58:07.000Z,2026-08-25,,substrate,Pasteurize,,,,,,,,,,,,,,,,,,,,,,,,,,,,2026-05-25T18:58:06.442Z,,,,,,
reciLOGPVNjv2iIrX,LOT-260716-iIrX,Hardwood Substrate Bag,1,2.5,Sterilized,,operator1.email.address@mybusiness.com,2026-07-16T19:09:20.000Z,2026-10-16,,substrate,Sterilize,,,,,,,,,,,,,,,,,,,,,,,,,,,,2026-07-16T19:09:00.000Z,,,,,,
reciaGUcYWidRaWgY,LOT-260525-aWgY,Coco Verm Gypsum,1,5,Consumed,,operator1.email.address@mybusiness.com,2026-05-25T18:58:07.000Z,2026-08-25,,substrate,Pasteurize,,,,,,,,,,,,,,,,,,,,,,,,,,,,2026-05-25T18:58:06.442Z,,,,,,
recieeYRLAxwYee43,LOT-260525-ee43,Coco Verm Gypsum,1,5,Consumed,,operator1.email.address@mybusiness.com,2026-05-25T18:58:07.000Z,2026-08-25,,substrate,Pasteurize,,,,,,,,,,,,,,,,,,,,,,,,,,,,2026-05-25T18:58:06.442Z,,,,,,
recijQzkVe5DZHpQi,LOT-260624-HpQi,Spawn Bag,1,1.5,Sterilized,,operator2.email.address@mybusiness.com,2026-06-24T22:04:28.000Z,2026-09-24,,grain,Sterilize,,,,,,,,,,,,,,,,,,,,,,,,,,,,2026-06-24T22:04:27.843Z,,,,,,
recivgOCwxrq5j5U1,LOT-260716-j5U1,Hardwood Substrate Bag,1,2.5,Sterilized,,operator1.email.address@mybusiness.com,2026-07-16T19:09:20.000Z,2026-10-16,,substrate,Sterilize,,,,,,,,,,,,,,,,,,,,,,,,,,,,2026-07-16T19:09:00.000Z,,,,,,
recjIytqd4c21Qbw9,LOT-260624-Qbw9,Spawn Bag,1,1.5,Sterilized,,operator2.email.address@mybusiness.com,2026-06-24T22:04:28.000Z,2026-09-24,,grain,Sterilize,,,,,,,,,,,,,,,,,,,,,,,,,,,,2026-06-24T22:04:27.843Z,,,,,,
recjPqp2UH3yKRg4n,LOT-260706-Rg4n,Large Masters Mix 75/25,1,8.5,Colonizing,"[""recKhyC763sXlV2R3"",""recFogSVU6qM1oaya"",""rectxI4B5hYudoJqy""]",,2026-07-06T20:10:38.000Z,2026-10-06,,fruiting_block,,Lion’s Mane,Fungaia,,,,,,,,,,,,,,,,,,,,,Bulk_Created,,,,2026-07-06T20:10:00.000Z,,,,,,,
recjTIARzcX2gD1wk,LOT-260616-D1wk,Wild Bird Seed,1,1.75,Sterilized,,operator1.email.address@mybusiness.com,2026-06-16T16:51:28.000Z,2026-09-15,,grain,Sterilize,,,,,,,,,,,,,,,,,,,,,,,,,,,,2026-06-15T16:51:00.000Z,,,,,,
recjhbP4JCObDhf9a,LOT-260616-hf9a,Wild Bird Seed,1,1.75,Sterilized,,operator1.email.address@mybusiness.com,2026-06-16T16:51:28.000Z,2026-09-15,,grain,Sterilize,,,,,,,,,,,,,,,,,,,,,,,,,,,,2026-06-15T16:51:00.000Z,,,,,,
recjmQ6o5mMj1j5HT,LOT-260616-j5HT,Wild Bird Seed,1,1.75,Sterilized,,operator1.email.address@mybusiness.com,2026-06-16T16:51:28.000Z,2026-09-15,,grain,Sterilize,,,,,,,,,,,,,,,,,,,,,,,,,,,,2026-06-15T16:51:00.000Z,,,,,,
reckhPRgdLf9aoeDs,LOT-260523-oeDs,Wild Bird Seed,1,2,Consumed,,operator1.email.address@mybusiness.com,2026-05-23T19:07:26.000Z,2026-08-23,,grain,Sterilize,,,,,,,,,,,,,,,,,,,,,,,,,,,,2026-05-23T19:07:25.243Z,,,,,,
recknDQhWmXDxvhWT,LOT-260629-vhWT,All-in-One Bag,1,3,Sterilized,,operator2.email.address@mybusiness.com,2026-06-29T20:52:54.000Z,,,all_in_one_bag,Sterilize,,,,,,,,,,,,,,,,,,,,,,,,,,,,2026-06-29T20:52:53.810Z,,,,,,
recl8VVMisVezhGMf,LOT-260616-hGMf,Wild Bird Seed,1,1.75,Sterilized,,operator1.email.address@mybusiness.com,2026-06-16T16:51:28.000Z,2026-09-15,,grain,Sterilize,,,,,,,,,,,,,,,,,,,,,,,,,,,,2026-06-15T16:51:00.000Z,,,,,,
reclHuRPSeJZthVez,LOT-260624-hVez,Spawn Bag,1,1.5,Sterilized,,operator2.email.address@mybusiness.com,2026-06-24T22:04:28.000Z,2026-09-24,,grain,Sterilize,,,,,,,,,,,,,,,,,,,,,,,,,,,,2026-06-24T22:04:27.843Z,,,,,,
reclJVNXn9xlhyf6e,LOT-260525-yf6e,Coco Verm Gypsum,1,5,Consumed,,operator1.email.address@mybusiness.com,2026-05-25T18:58:07.000Z,2026-08-25,,substrate,Pasteurize,,,,,,,,,,,,,,,,,,,,,,,,,,,,2026-05-25T18:58:06.442Z,,,,,,
reclJv5WnLdEsEkEF,LOT-260622-EkEF,Coco Verm Gypsum,1,5,Pasteurized,,operator1.email.address@mybusiness.com,2026-06-22T16:35:31.000Z,2026-09-22,,substrate,Pasteurize,,,,,,,,,,,,,,,,,,,,,,,,,,,,2026-06-22T16:35:00.000Z,,,,,,
reclUDdKx5lIDRBYM,LOT-260525-RBYM,Coco Verm Gypsum,1,5,Consumed,,operator1.email.address@mybusiness.com,2026-05-25T18:58:07.000Z,2026-08-25,,substrate,Pasteurize,,,,,,,,,,,,,,,,,,,,,,,,,,,,2026-05-25T18:58:06.442Z,,,,,,
reclWVizrtEad5KWo,LOT-260616-5KWo,Wild Bird Seed,1,1.75,Sterilized,,operator1.email.address@mybusiness.com,2026-06-16T16:51:28.000Z,2026-09-15,,grain,Sterilize,,,,,,,,,,,,,,,,,,,,,,,,,,,,2026-06-15T16:51:00.000Z,,,,,,
reclZmMP755JTJ0yh,LOT-260716-J0yh,Hardwood Substrate Bag,1,2.5,Consumed,,operator1.email.address@mybusiness.com,2026-07-16T19:09:20.000Z,2026-10-16,,substrate,Sterilize,,,,,,,,,,,,,,,,,,,,,,,,,,,,2026-07-16T19:09:00.000Z,,,,,,
recltKTZAYYi8ZNah,LOT-260616-ZNah,Wild Bird Seed,1,1.75,Sterilized,,operator1.email.address@mybusiness.com,2026-06-16T16:51:28.000Z,2026-09-15,,grain,Sterilize,,,,,,,,,,,,,,,,,,,,,,,,,,,,2026-06-15T16:51:00.000Z,,,,,,
recm4aVHlbHuHSjOy,LOT-260523-SjOy,Wild Bird Seed,1,2,Consumed,,operator1.email.address@mybusiness.com,2026-05-23T19:07:26.000Z,2026-08-23,,grain,Sterilize,,,,,,,,,,,,,,,,,,,,,,,,,,,,2026-05-23T19:07:25.243Z,,,,,,
recm7xuUoTBpD5Jhg,LOT-260523-5Jhg,Wild Bird Seed,1,2,Consumed,,operator1.email.address@mybusiness.com,2026-05-23T19:07:26.000Z,2026-08-23,,grain,Sterilize,,,,,,,,,,,,,,,,,,,,,,,,,,,,2026-05-23T19:07:25.243Z,,,,,,
recmEHYvKiwEBlOND,LOT-260616-lOND,Wild Bird Seed,1,1.75,Sterilized,,operator1.email.address@mybusiness.com,2026-06-16T16:51:28.000Z,2026-09-15,,grain,Sterilize,,,,,,,,,,,,,,,,,,,,,,,,,,,,2026-06-15T16:51:00.000Z,,,,,,
recmHotH3ZmsQ0bmb,LOT-260523-0bmb,Wild Bird Seed,1,2,Consumed,,operator1.email.address@mybusiness.com,2026-05-23T19:07:26.000Z,2026-08-23,,grain,Sterilize,,,,,,,,,,,,,,,,,,,,,,,,,,,,2026-05-23T19:07:25.243Z,,,,,,
recmkqC16Aej4wpnD,LOT-260624-wpnD,Spawn Bag,1,1.5,Sterilized,,operator2.email.address@mybusiness.com,2026-06-24T22:04:28.000Z,2026-09-24,,grain,Sterilize,,,,,,,,,,,,,,,,,,,,,,,,,,,,2026-06-24T22:04:27.843Z,,,,,,
recmwyu7eoHkHxenB,LOT-260624-xenB,All-in-One Bag,1,5,Sterilized,,operator2.email.address@mybusiness.com,2026-06-24T22:15:42.000Z,,,all_in_one_bag,Sterilize,,,,,,,,,,,,,,,,,,,,,,,,,,,,2026-06-24T22:15:41.781Z,,,,,,
recnYBktdkxdyESip,LOT-260716-ESip,Hardwood Substrate Bag,1,2.5,Consumed,,operator1.email.address@mybusiness.com,2026-07-16T19:09:20.000Z,2026-10-16,,substrate,Sterilize,,,,,,,,,,,,,,,,,,,,,,,,,,,,2026-07-16T19:09:00.000Z,,,,,,
recnaMGtmYOcZJtml,LOT-260622-Jtml,Coco Verm Gypsum,1,5,Pasteurized,,operator1.email.address@mybusiness.com,2026-06-22T16:35:31.000Z,2026-09-22,,substrate,Pasteurize,,,,,,,,,,,,,,,,,,,,,,,,,,,,2026-06-22T16:35:00.000Z,,,,,,
recnit1zd11kzpWFu,LOT-260523-pWFu,Wild Bird Seed,1,2,Retired,,operator1.email.address@mybusiness.com,2026-05-23T19:07:28.000Z,2026-08-23,,grain,Sterilize,,,,,,,,,,,,,,,,,,,,,,,,,,,,2026-05-23T19:07:25.243Z,,,2026-06-19T19:06:53.332Z,,,
reco0FveBXo4HxXWz,LOT-260624-xXWz,All-in-One Bag,1,5,Sterilized,,operator2.email.address@mybusiness.com,2026-06-24T22:15:42.000Z,,,all_in_one_bag,Sterilize,,,,,,,,,,,,,,,,,,,,,,,,,,,,2026-06-24T22:15:41.781Z,,,,,,
recoMnoCnqoiyOWxE,LOT-260523-OWxE,Wild Bird Seed,1,2,Consumed,,operator1.email.address@mybusiness.com,2026-05-23T19:07:26.000Z,2026-08-23,,grain,Sterilize,,,,,,,,,,,,,,,,,,,,,,,,,,,,2026-05-23T19:07:25.243Z,,,,,,
recoOuXzylqA7OsBY,LOT-260523-OsBY,Wild Bird Seed,1,2,Retired,,operator1.email.address@mybusiness.com,2026-05-23T19:07:28.000Z,2026-08-23,,grain,Sterilize,,,,,,,,,,,,,,,,,,,,,,,,,,,,2026-05-23T19:07:25.243Z,,,2026-06-19T19:07:03.253Z,,,
recoXPUytDKoh4noG,LOT-260622-4noG,Coco Verm Gypsum,1,5,Pasteurized,,operator1.email.address@mybusiness.com,2026-06-22T16:35:31.000Z,2026-09-22,,substrate,Pasteurize,,,,,,,,,,,,,,,,,,,,,,,,,,,,2026-06-22T16:35:00.000Z,,,,,,
recojnsaBCokDaYHE,LOT-260616-aYHE,Wild Bird Seed,1,1.75,Sterilized,,operator1.email.address@mybusiness.com,2026-06-16T16:51:28.000Z,2026-09-15,,grain,Sterilize,,,,,,,,,,,,,,,,,,,,,,,,,,,,2026-06-15T16:51:00.000Z,,,,,,
recoxC4qr1yAqZStR,LOT-260624-ZStR,Spawn Bag,1,1.5,Sterilized,,operator2.email.address@mybusiness.com,2026-06-24T22:04:28.000Z,2026-09-24,,grain,Sterilize,,,,,,,,,,,,,,,,,,,,,,,,,,,,2026-06-24T22:04:27.843Z,,,,,,
recpQqa2K7brAzXGL,LOT-260622-zXGL,Coco Verm Gypsum,1,5,Pasteurized,,operator1.email.address@mybusiness.com,2026-06-22T16:35:31.000Z,2026-09-22,,substrate,Pasteurize,,,,,,,,,,,,,,,,,,,,,,,,,,,,2026-06-22T16:35:00.000Z,,,,,,
recpph56flsIcb1JP,LOT-260716-b1JP,Hardwood Substrate Bag,1,2.5,Sterilized,,operator1.email.address@mybusiness.com,2026-07-16T19:09:20.000Z,2026-10-16,,substrate,Sterilize,,,,,,,,,,,,,,,,,,,,,,,,,,,,2026-07-16T19:09:00.000Z,,,,,,
recpxC1yDCvcXuozn,LOT-260523-uozn,Wild Bird Seed,1,2,Consumed,,operator1.email.address@mybusiness.com,2026-05-23T19:07:26.000Z,2026-08-23,,grain,Sterilize,,,,,,,,,,,,,,,,,,,,,,,,,,,,2026-05-23T19:07:25.243Z,,,,,,
recpyoMscyvYIHr1i,LOT-260523-Hr1i,Wild Bird Seed,1,2,Consumed,,operator1.email.address@mybusiness.com,2026-05-23T19:07:26.000Z,2026-08-23,,grain,Sterilize,,,,,,,,,,,,,,,,,,,,,,,,,,,,2026-05-23T19:07:25.243Z,,,,,,
recq1yPnG1f0YeI3r,LOT-260525-eI3r,Coco Verm Gypsum,1,5,Consumed,,operator1.email.address@mybusiness.com,2026-05-25T18:58:07.000Z,2026-08-25,,substrate,Pasteurize,,,,,,,,,,,,,,,,,,,,,,,,,,,,2026-05-25T18:58:06.442Z,,,,,,
recqLMWPvTT4sgKgn,LOT-260523-gKgn,Wild Bird Seed,1,2,Consumed,,operator1.email.address@mybusiness.com,2026-05-23T19:07:26.000Z,2026-08-23,,grain,Sterilize,,,,,,,,,,,,,,,,,,,,,,,,,,,,2026-05-23T19:07:25.243Z,,,,,,
recqMNUgmuxJEtc95,LOT-260616-tc95,Wild Bird Seed,1,1.75,Sterilized,,operator1.email.address@mybusiness.com,2026-06-16T16:51:28.000Z,2026-09-15,,grain,Sterilize,,,,,,,,,,,,,,,,,,,,,,,,,,,,2026-06-15T16:51:00.000Z,,,,,,
recr3acYNMXy9fz6c,LOT-260716-fz6c,Fruiting Block,1,3.1666666666666665,Colonizing,"[""recfGPOZJ9R0N6QWZ"",""recJ9apcaFgcCboZF"",""reclZmMP755JTJ0yh"",""recQST9Vx5j2Tr9R2""]",,2026-07-16T19:32:12.000Z,2026-10-16,,fruiting_block,,Black Pearl King Oyster,MYYCO,,,,,,,,,,,,,,,,,,,,,Bulk_Created,,,,2026-07-16T19:32:11.334Z,,,,,,,
recr7BMwqTOF8K1qb,LOT-260624-K1qb,Spawn Bag,1,1.5,Sterilized,,operator2.email.address@mybusiness.com,2026-06-24T22:04:28.000Z,2026-09-24,,grain,Sterilize,,,,,,,,,,,,,,,,,,,,,,,,,,,,2026-06-24T22:04:27.843Z,,,,,,
recrKZhNqV5NjsbJT,LOT-260706-sbJT,Large Masters Mix 75/25,1,8.5,Colonizing,"[""recKhyC763sXlV2R3"",""recFogSVU6qM1oaya"",""rectxI4B5hYudoJqy""]",,2026-07-06T20:10:38.000Z,2026-10-06,,fruiting_block,,Lion’s Mane,Fungaia,,,,,,,,,,,,,,,,,,,,,Bulk_Created,,,,2026-07-06T20:10:00.000Z,,,,,,,
recrMH17yDNn5ss2b,LOT-260525-ss2b,Coco Verm Gypsum,1,5,Consumed,,operator1.email.address@mybusiness.com,2026-05-25T18:58:07.000Z,2026-08-25,,substrate,Pasteurize,,,,,,,,,,,,,,,,,,,,,,,,,,,,2026-05-25T18:58:06.442Z,,,,,,
recrPxDkS8LbnxHjS,LOT-260629-xHjS,CVG Substrate Bag,1,5,Consumed,,,2026-06-29T20:53:10.000Z,2026-09-29,,substrate,Sterilize,,,,,,,,,,,,,,,,,,,,,,,,,,,,2026-06-29T20:53:00.000Z,,,,,,
recrntJHWnUkJrBSj,LOT-260525-rBSj,Coco Verm Gypsum,1,5,Consumed,,operator1.email.address@mybusiness.com,2026-05-25T18:58:07.000Z,2026-08-25,,substrate,Pasteurize,,,,,,,,,,,,,,,,,,,,,,,,,,,,2026-05-25T18:58:06.442Z,,,,,,
recs0nGpAMQcsHhW4,LOT-260706-HhW4,Large Masters Mix 75/25,1,8.5,Colonizing,"[""recz4jMWuvWAQbc8D"",""recCz4rOB1BVEvIgI"",""rec4yeZBeQ9LhH9el""]",,2026-07-06T20:17:19.000Z,2026-10-06,,fruiting_block,,Blue Oyster,Fungaia,,,,,,,,,,,,,,,,,,,,,Bulk_Created,,,,2026-07-06T20:17:00.000Z,,,,,,,
recs0tBnIc1u0qCB0,LOT-260616-qCB0,Wild Bird Seed,1,1.75,Sterilized,,operator1.email.address@mybusiness.com,2026-06-16T16:51:28.000Z,2026-09-15,,grain,Sterilize,,,,,,,,,,,,,,,,,,,,,,,,,,,,2026-06-15T16:51:00.000Z,,,,,,
recs21cwu1w5dUWmr,LOT-260624-UWmr,Spawn Bag,1,1.5,Sterilized,,operator2.email.address@mybusiness.com,2026-06-24T22:04:28.000Z,2026-09-24,,grain,Sterilize,,,,,,,,,,,,,,,,,,,,,,,,,,,,2026-06-24T22:04:27.843Z,,,,,,
recsHHh3LrQE1oq7L,LOT-260523-oq7L,Wild Bird Seed,1,2,Consumed,,operator1.email.address@mybusiness.com,2026-05-23T19:07:26.000Z,2026-08-23,,grain,Sterilize,,,,,,,,,,,,,,,,,,,,,,,,,,,,2026-05-23T19:07:25.243Z,,,,,,
recssNwyBDvQG99rA,LOT-260624-99rA,Spawn Bag,1,1.5,Sterilized,,operator2.email.address@mybusiness.com,2026-06-24T22:04:28.000Z,2026-09-24,,grain,Sterilize,,,,,,,,,,,,,,,,,,,,,,,,,,,,2026-06-24T22:04:27.843Z,,,,,,
recswwnXiU7APOdEf,LOT-260622-OdEf,Coco Verm Gypsum,1,5,Pasteurized,,operator1.email.address@mybusiness.com,2026-06-22T16:35:31.000Z,2026-09-22,,substrate,Pasteurize,,,,,,,,,,,,,,,,,,,,,,,,,,,,2026-06-22T16:35:00.000Z,,,,,,
rect3WMyehEvuYEk6,LOT-260622-YEk6,Coco Verm Gypsum,1,5,Pasteurized,,operator1.email.address@mybusiness.com,2026-06-22T16:35:31.000Z,2026-09-22,,substrate,Pasteurize,,,,,,,,,,,,,,,,,,,,,,,,,,,,2026-06-22T16:35:00.000Z,,,,,,
rectE7mt9vWSfZClZ,LOT-260624-ZClZ,Spawn Bag,1,1.5,Sterilized,,operator2.email.address@mybusiness.com,2026-06-24T22:04:28.000Z,2026-09-24,,grain,Sterilize,,,,,,,,,,,,,,,,,,,,,,,,,,,,2026-06-24T22:04:27.843Z,,,,,,
rectWrJcnE6VtrvI3,LOT-260525-rvI3,Coco Verm Gypsum,1,5,Consumed,,operator1.email.address@mybusiness.com,2026-05-25T18:58:07.000Z,2026-08-25,,substrate,Pasteurize,,,,,,,,,,,,,,,,,,,,,,,,,,,,2026-05-25T18:58:06.442Z,,,,,,
rectiyuoziWwdcVnp,LOT-260523-cVnp,Wild Bird Seed,1,2,Consumed,,operator1.email.address@mybusiness.com,2026-05-23T19:07:26.000Z,2026-08-23,,grain,Sterilize,,,,,,,,,,,,,,,,,,,,,,,,,,,,2026-05-23T19:07:25.243Z,,,,,,
rectoX0CVSRat150O,LOT-260716-150O,Hardwood Substrate Bag,1,2.5,Sterilized,,operator1.email.address@mybusiness.com,2026-07-16T19:09:20.000Z,2026-10-16,,substrate,Sterilize,,,,,,,,,,,,,,,,,,,,,,,,,,,,2026-07-16T19:09:00.000Z,,,,,,
rectrJMfA9sYddT3s,LOT-260523-dT3s,Wild Bird Seed,1,2,Consumed,,operator1.email.address@mybusiness.com,2026-05-23T19:07:26.000Z,2026-08-23,,grain,Sterilize,,,,,,,,,,,,,,,,,,,,,,,,,,,,2026-05-23T19:07:25.243Z,,,,,,
rectuqOs4vyXILiXu,LOT-260716-LiXu,Hardwood Substrate Bag,1,7.5,Sterilized,,operator1.email.address@mybusiness.com,2026-07-16T19:09:41.000Z,2026-10-16,,substrate,Sterilize,,,,,,,,,,,,,,,,,,,,,,,,,,,,2026-07-16T19:09:00.000Z,,,,,,
rectzsA2X0Y490AsE,LOT-260716-0AsE,Fruiting Block,1,3.1666666666666665,Colonizing,"[""rec3j4FEb64EiScwX"",""rec0t4tXf7pubsWcD"",""recOebh3B6AuifYKs"",""recnYBktdkxdyESip""]",,2026-07-16T19:32:59.000Z,2026-10-16,,fruiting_block,,Lion’s Mane,Fungaia,,,,,,,,,,,,,,,,,,,,,Bulk_Created,,,,2026-07-16T19:32:58.425Z,,,,,,,
recue6AUa66Y55HLR,LOT-260525-5HLR,Coco Verm Gypsum,1,5,Pasteurized,,operator1.email.address@mybusiness.com,2026-05-25T18:58:07.000Z,2026-08-25,,substrate,Pasteurize,,,,,,,,,,,,,,,,,,,,,,,,,,,,2026-05-25T18:58:06.442Z,,,,,,
recv7JbrkbddIKYBQ,LOT-260713-KYBQ,Small Masters Mix 75/25,1,3.1666666666666665,Colonizing,"[""recuFurbEVrwWYrz8"",""recmFku57yRtfqkub"",""receL0vTHMoY5B30M"",""recp7KLAsLcPgLVDJ""]",,2026-07-13T20:58:53.000Z,2026-10-13,,fruiting_block,,Lion’s Mane,MYYCO,,,,,,,,,,,,,,,,,,,,,Bulk_Created,,,,2026-07-13T20:58:00.000Z,,,,,,,
recvN5Wl9mXPxVEqa,LOT-260716-VEqa,Fruiting Block,1,3.1666666666666665,Colonizing,"[""recfGPOZJ9R0N6QWZ"",""recJ9apcaFgcCboZF"",""reclZmMP755JTJ0yh"",""recQST9Vx5j2Tr9R2""]",,2026-07-16T19:32:12.000Z,2026-10-16,,fruiting_block,,Black Pearl King Oyster,MYYCO,,,,,,,,,,,,,,,,,,,,,Bulk_Created,,,,2026-07-16T19:32:11.334Z,,,,,,,
recvovrAA0mOVsWSF,LOT-260523-sWSF,Wild Bird Seed,1,2,Consumed,,operator1.email.address@mybusiness.com,2026-05-23T19:07:26.000Z,2026-08-23,,grain,Sterilize,,,,,,,,,,,,,,,,,,,,,,,,,,,,2026-05-23T19:07:25.243Z,,,,,,
recwWVBG1KSZBpmvS,LOT-260624-pmvS,Spawn Bag,1,1.5,Sterilized,,operator2.email.address@mybusiness.com,2026-06-24T22:04:28.000Z,2026-09-24,,grain,Sterilize,,,,,,,,,,,,,,,,,,,,,,,,,,,,2026-06-24T22:04:27.843Z,,,,,,
recwe7NjcQV0gR2Pe,LOT-260523-R2Pe,Wild Bird Seed,1,2,Retired,,operator1.email.address@mybusiness.com,2026-05-23T19:07:26.000Z,2026-08-23,,grain,Sterilize,,,,,,,,,,,,,,,,,,,,,,,,,,,,2026-05-23T19:07:25.243Z,,,2026-06-19T19:06:34.782Z,,,
recwmGz1GAmOCamct,LOT-260629-amct,All-in-One Bag,1,5,Sterilized,,operator2.email.address@mybusiness.com,2026-06-29T20:52:44.000Z,,,all_in_one_bag,Sterilize,,,,,,,,,,,,,,,,,,,,,,,,,,,,2026-06-29T20:52:43.485Z,,,,,,
recxU7Sp5qlyHd5Ce,LOT-260706-d5Ce,Large Masters Mix 75/25,1,8.5,Colonizing,"[""reccNKmQ81Gw9tdqs"",""rec20crkKcED5G637"",""recFr4uYO9qmWoGlJ""]",,2026-07-06T20:16:47.000Z,2026-10-06,,fruiting_block,,Chestnut,Fungaia,,,,,,,,,,,,,,,,,,,,,Bulk_Created,,,,2026-07-06T20:11:00.000Z,,,,,,,
recxta7XZu0p6M8zi,LOT-260622-M8zi,Coco Verm Gypsum,1,5,Pasteurized,,operator1.email.address@mybusiness.com,2026-06-22T16:35:31.000Z,2026-09-22,,substrate,Pasteurize,,,,,,,,,,,,,,,,,,,,,,,,,,,,2026-06-22T16:35:00.000Z,,,,,,
recyX8biHJzuxaq8r,LOT-260716-aq8r,Hardwood Substrate Bag,1,7.5,Sterilized,,operator1.email.address@mybusiness.com,2026-07-16T19:09:41.000Z,2026-10-16,,substrate,Sterilize,,,,,,,,,,,,,,,,,,,,,,,,,,,,2026-07-16T19:09:00.000Z,,,,,,
recypeTkZohfpKkSe,LOT-260616-KkSe,Wild Bird Seed,1,1.75,Sterilized,,operator1.email.address@mybusiness.com,2026-06-16T16:51:28.000Z,2026-09-15,,grain,Sterilize,,,,,,,,,,,,,,,,,,,,,,,,,,,,2026-06-15T16:51:00.000Z,,,,,,
recypnaXHXCeTSJyV,LOT-260523-SJyV,Wild Bird Seed,1,2,Retired,,operator1.email.address@mybusiness.com,2026-05-23T19:07:28.000Z,2026-08-23,,grain,Sterilize,,,,,,,,,,,,,,,,,,,,,,,,,,,,2026-05-23T19:07:25.243Z,,,2026-06-19T19:07:03.588Z,,,
recz0aTu61I9GUXDP,LOT-260523-UXDP,Wild Bird Seed,1,2,Retired,,operator1.email.address@mybusiness.com,2026-05-23T19:07:26.000Z,2026-08-23,,grain,Sterilize,,,,,,,,,,,,,,,,,,,,,,,,,,,,2026-05-23T19:07:25.243Z,,,2026-06-19T19:06:42.398Z,,,
reczAOAVJ591qCoFp,LOT-260716-CoFp,Hardwood Substrate Bag,1,2.5,Consumed,,operator1.email.address@mybusiness.com,2026-07-16T19:09:20.000Z,2026-10-16,,substrate,Sterilize,,,,,,,,,,,,,,,,,,,,,,,,,,,,2026-07-16T19:09:00.000Z,,,,,,
reczBt4qkCVUzyXla,LOT-260622-yXla,Coco Verm Gypsum,1,5,Consumed,,operator1.email.address@mybusiness.com,2026-06-22T16:35:31.000Z,2026-09-22,,substrate,Pasteurize,,,,,,,,,,,,,,,,,,,,,,,,,,,,2026-06-22T16:35:00.000Z,,,,,,
reczdxZTmPxwPOKne,LOT-260616-OKne,Wild Bird Seed,1,1.75,Sterilized,,operator1.email.address@mybusiness.com,2026-06-16T16:51:28.000Z,2026-09-15,,grain,Sterilize,,,,,,,,,,,,,,,,,,,,,,,,,,,,2026-06-15T16:51:00.000Z,,,,,,