airtable_id,product_id,name_mat,item_category_mat,net_weight_g,net_weight_oz,net_volume_ml,pack_date,use_by,package_class,package_size,package_count,action,origin_lot_ids_json,process_type_mat,ui_error,ui_error_at,tray_state,notes,harvest_flush_no,harvest_weight_g,harvested_at,operator
rec1oPXxZMjaWscYG,PROD-260605-scYG,Wild Bird Seed,grain,907.18,32,,2026-06-05,2026-09-05,Retail,,,,"[""LOT-260523-oq7L""]",Sterilize,,,,,,,,
rec2qvnqKrXVMkNDo,PROD-260713-kNDo,Freeze Dried Mushrooms,freezedriedmushrooms,5,,,2026-07-13,2028-07-13,Sample,5 g,,,"[""LOT-260228-JqUB""]",,,,,,,,,
rec33PzqBO8ecfajT,PROD-260614-fajT,Freezer Tray,freezer_tray,75.94,,,2026-06-14,,Retail,,,,"[""recZBLsiYstYmydo8""]",,,,freezer_tray,,,,,
rec4dTuinZcyOxVz6,PROD-260713-xVz6,Freeze Dried Mushrooms,freezedriedmushrooms,5,,,2026-07-13,2028-07-13,Sample,5 g,,,"[""LOT-251113-doLo"",""LOT-251121-bq4J""]",,,,,,,,,
rec59yhQegq7TfaWK,PROD-260605-faWK,Wild Bird Seed,grain,907.18,32,,2026-06-05,2026-09-05,Retail,,,,"[""LOT-260523-Hr1i""]",Sterilize,,,,,,,,
rec5J0fB7IBmpDHOB,PROD-260614-DHOB,Freezer Tray,freezer_tray,118.61,,,2026-06-14,,Retail,,,,"[""recr9236mt5jjyAZc""]",,,,freezer_tray,,,,,
rec5dIDEmDxyXqMes,PROD-260713-qMes,Freeze Dried Mushrooms,freezedriedmushrooms,5,,,2026-07-13,2028-07-13,Sample,5 g,,,"[""LOT-260228-JqUB""]",,,,,,,,,
rec6x0ZDrIsMOpa6m,PROD-260618-pa6m,Small Masters Mix 75/25,fruiting_block,1360.78,48,,2026-06-18,2026-08-16,Retail,,,,"[""LOT-260516-1wJo""]",,,,,,,,,
rec75BIQxk9ymlmWO,PROD-260701-lmWO,Freezer Tray,freezer_tray,155.32,,,2026-07-01,,Sample,5 g,7,,"[""recesxUAkb8ra5bJ9""]",,,,empty_tray,,,,,
rec7av2XvqRHbtavK,PROD-260523-tavK,Freezer Tray,freezer_tray,209.02,,,2026-05-23,,Retail,,,,"[""rec6mV7zZFh2IfOgP""]",,,,freezer_tray,,,,,
rec8paGVXgvj9j5eR,PROD-260618-j5eR,Small Masters Mix 75/25,fruiting_block,1360.78,48,,2026-06-18,2026-08-16,Retail,,,,"[""LOT-260516-sJrg""]",,,,,,,,,
rec925z04eLSM4FeN,PROD-260605-4FeN,Wild Bird Seed,grain,907.18,32,,2026-06-05,2026-09-05,Retail,,,,"[""LOT-260523-sWSF""]",Sterilize,,,,,,,,
rec9WSGQ6cMy4gBQu,PROD-260713-gBQu,Freeze Dried Mushrooms,freezedriedmushrooms,5,,,2026-07-13,2028-07-13,Sample,5 g,,,"[""LOT-251113-doLo"",""LOT-251121-bq4J""]",,,,,,,,,
rec9ZRsdSgoBabKn0,PROD-260605-bKn0,Coco Verm Gypsum,substrate,2267.96,80,,2026-06-05,2026-09-05,Retail,,,,"[""LOT-260525-aWgY""]",Pasteurize,,,,,,,,
rec9wGkF0dlYFcV18,PROD-260713-cV18,Freeze Dried Mushrooms,freezedriedmushrooms,5,,,2026-07-13,2028-07-13,Sample,5 g,,,"[""LOT-251113-doLo"",""LOT-251121-bq4J""]",,,,,,,,,
recAvKZYhi7zckx3g,PROD-260713-kx3g,Freeze Dried Mushrooms,freezedriedmushrooms,5,,,2026-07-13,2028-07-13,Sample,5 g,,,"[""LOT-260512-5bJ9"",""LOT-260512-PoAX""]",,,,,,,,,
recBcX5lsykBWfBv5,PROD-260713-fBv5,Freeze Dried Mushrooms,freezedriedmushrooms,5,,,2026-07-13,2028-07-13,Sample,5 g,,,"[""LOT-260512-5bJ9"",""LOT-260512-PoAX""]",,,,,,,,,
recE1xLJwUxlex8B9,PROD-260618-x8B9,Small Masters Mix 75/25,fruiting_block,1360.78,48,,2026-06-18,2026-08-16,Retail,,,,"[""LOT-260516-odNe""]",,,,,,,,,
recFDoIZDHjX267R0,PROD-260701-67R0,Freezer Tray,freezer_tray,126.75,,,2026-07-01,,Retail,,,,"[""recFcOoOyzaTIPoAX""]",,,,empty_tray,,,,,
recFHy2Qccm91JEUt,PROD-260715-JEUt,Freezer Tray,freezer_tray,142.38,,,2026-07-15,,Retail,,,,"[""recfCCE3M1nfURJUG""]",,,,freezer_tray,,,,,
recGEFSNpQgZWBpsD,PROD-260605-BpsD,Wild Bird Seed,grain,907.18,32,,2026-06-05,2026-09-05,Retail,,,,"[""LOT-260523-SjOy""]",Sterilize,,,,,,,,
recGTKewZ3qg3jwfg,PROD-260713-jwfg,Freeze Dried Mushrooms,freezedriedmushrooms,5,,,2026-07-13,2028-07-13,Sample,5 g,,,"[""LOT-251113-doLo"",""LOT-251121-bq4J""]",,,,,,,,,
recGqkYnY9YXMW6N6,PROD-260604-W6N6,Small Masters Mix 75/25,fruiting_block,1360.78,48,,2026-06-04,2026-08-14,Retail,,,,"[""LOT-260514-Xktn""]",,,,,,,,,
recJo2NUEWnQwiuLZ,PROD-260715-iuLZ,Freezer Tray,freezer_tray,142.38,,,2026-07-15,,Retail,,,,"[""recfCCE3M1nfURJUG""]",,,,freezer_tray,,,,,
recK1rokdg3mbIsE1,PROD-260605-IsE1,Wild Bird Seed,grain,907.18,32,,2026-06-05,2026-09-05,Retail,,,,"[""LOT-260523-cVnp""]",Sterilize,,,,,,,,
recKkqMzDGGnczJmA,PROD-260605-zJmA,Wild Bird Seed,grain,907.18,32,,2026-06-05,2026-09-05,Retail,,,,"[""LOT-260523-gKgn""]",Sterilize,,,,,,,,
recL1wSEWHp4rJg9d,PROD-260605-Jg9d,Wild Bird Seed,grain,907.18,32,,2026-06-05,2026-09-05,Retail,,,,"[""LOT-260523-5Jhg""]",Sterilize,,,,,,,,
recLsg8EwKwUQnTOR,PROD-260604-nTOR,Small Masters Mix 75/25,fruiting_block,1417.48,50,,2026-06-04,2026-08-14,Retail,,,,"[""LOT-260514-iMg3""]",,,,,,,,,
recMT8mqlHOAV7SN4,PROD-260523-7SN4,Freezer Tray,freezer_tray,159.5,,,2026-05-23,,Retail,,,,"[""recpLZQpMFvnUSUbR""]",,,,freezer_tray,,,,,
recNJhUXO0e8JygpL,PROD-260605-ygpL,Wild Bird Seed,grain,907.18,32,,2026-06-05,2026-09-05,Retail,,,,"[""LOT-260523-dT3s""]",Sterilize,,,,,,,,
recNqytaYSqobYBMR,PROD-260614-YBMR,Freezer Tray,freezer_tray,85.42,,,2026-06-14,,Retail,,,,"[""recHSBX0g2LbXoQKl""]",,,,freezer_tray,,,,,
recPHooh00324VuVl,PROD-260713-VuVl,Freeze Dried Mushrooms,freezedriedmushrooms,5,,,2026-07-13,2028-07-13,Sample,5 g,,,"[""LOT-260228-JqUB""]",,,,,,,,,
recPUXNTPt19Ryqyf,PROD-260604-yqyf,Small Masters Mix 75/25,fruiting_block,1360.78,48,,2026-06-04,2026-08-16,Retail,,,,"[""LOT-260516-fYlc""]",,,,,,,,,
recPv6BJaawchpEit,PROD-260614-pEit,Freezer Tray,freezer_tray,133.62,,,2026-06-14,,Retail,,,,"[""recs4gwhBUyFKdekW""]",,,,freezer_tray,,,,,
recQvGbKnJFR2Xaui,PROD-260711-Xaui,Freeze Dried Mushrooms,freezedriedmushrooms,5,,,2026-07-11,2028-07-11,Sample,5 g,,,"[""LOT-260228-JqUB""]",,,,,,,,,
recQwkTNRzIvERSlt,PROD-260605-RSlt,Wild Bird Seed,grain,907.18,32,,2026-06-05,2026-09-05,Retail,,,,"[""LOT-260523-oeDs""]",Sterilize,,,,,,,,
recRx4pQuNAbBSBSC,PROD-260618-SBSC,Small Masters Mix 75/25,fruiting_block,1417.48,50,,2026-06-18,2026-08-14,Retail,,,,"[""LOT-260514-u1m6""]",,,,,,,,,
recSnxSkQ7KnfCbrC,PROD-260618-CbrC,Small Masters Mix 75/25,fruiting_block,1360.78,48,,2026-06-18,2026-08-16,Retail,,,,"[""LOT-260516-lhJv""]",,,,,,,,,
recT1oslzubnlxUef,PROD-260604-xUef,Small Masters Mix 75/25,fruiting_block,1360.78,48,,2026-06-04,2026-08-16,Retail,,,,"[""LOT-260516-PWA6""]",,,,,,,,,
recTLY354eI9hPN28,PROD-260701-PN28,Freezer Tray,freezer_tray,158.275,,,2026-07-01,,Retail,,,,"[""rec6mV7zZFh2IfOgP""]",,,,freezer_tray,,,,,
recTTRlf7SC9uK7pd,PROD-260619-K7pd,Wild Bird Seed,grain,793.79,28,,2026-06-19,2026-09-19,Retail,,,,"[""LOT-260616-qini""]",Sterilize,,,,,,,,
recUOXiqzawcKQFyP,PROD-260706-QFyP,Freezer Tray,freezer_tray,166.525,,,2026-07-06,,Retail,,,,"[""recFcOoOyzaTIPoAX""]",,,,freezer_tray,,,,,
recUoJPO09b5lt2FA,PROD-260604-t2FA,Small Masters Mix 75/25,fruiting_block,1360.78,48,,2026-06-04,2026-08-16,Retail,,,,"[""LOT-260516-4UOG""]",,,,,,,,,
recYMxahNa4HLXKEV,PROD-260618-XKEV,Small Masters Mix 75/25,fruiting_block,1360.78,48,,2026-06-18,2026-08-14,Retail,,,,"[""LOT-260514-h8zS""]",,,,,,,,,
recbJot2InHP4cMlF,PROD-260618-cMlF,Small Masters Mix 75/25,fruiting_block,1360.78,48,,2026-06-18,2026-08-14,Retail,,,,"[""LOT-260514-QbeT""]",,,,,,,,,
recdis5Epwl9QZclz,PROD-260706-Zclz,Freezer Tray,freezer_tray,166.525,,,2026-07-06,,Retail,,,,"[""recFcOoOyzaTIPoAX""]",,,,freezer_tray,,,,,
recdzF51a9EiU1yq8,PROD-260713-1yq8,Freeze Dried Mushrooms,freezedriedmushrooms,5,,,2026-07-13,2028-07-13,Sample,5 g,,,"[""LOT-260512-5bJ9"",""LOT-260512-PoAX""]",,,,,,,,,
receO2H9ZP9wo6vKV,PROD-260604-6vKV,Small Masters Mix 75/25,fruiting_block,1360.78,48,,2026-06-04,2026-08-16,Retail,,,,"[""LOT-260516-fgNv""]",,,,,,,,,
recf0lKNp6lNdrwcQ,PROD-260605-rwcQ,Wild Bird Seed,grain,907.18,32,,2026-06-05,2026-09-05,Retail,,,,"[""LOT-260523-0bmb""]",Sterilize,,,,,,,,
rech5X9aMz6jTeiPY,PROD-260713-eiPY,Freeze Dried Mushrooms,freezedriedmushrooms,5,,,2026-07-13,2028-07-13,Sample,5 g,,,"[""LOT-260228-JqUB""]",,,,,,,,,
reciSK4kYWYUN131m,PROD-260715-131m,Freezer Tray,freezer_tray,192.685,,,2026-07-15,,Retail,,,,"[""recjy3YgBfr8f05m3""]",,,,freezer_tray,,,,,
recif9AcaljlF8hHT,PROD-260713-8hHT,Freeze Dried Mushrooms,freezedriedmushrooms,5,,,2026-07-13,2028-07-13,Sample,5 g,,,"[""LOT-251113-doLo"",""LOT-251121-bq4J""]",,,,,,,,,
recjAovSBiylPuCCv,PROD-260614-uCCv,Freezer Tray,freezer_tray,100.86,,,2026-06-14,,Retail,,,,"[""reckgVV744mHVy1th""]",,,,freezer_tray,,,,,
recjTLojAVq7HYs7X,PROD-260604-Ys7X,Small Masters Mix 75/25,fruiting_block,1417.48,50,,2026-06-04,2026-08-14,Retail,,,,"[""LOT-260514-a8cV""]",,,,,,,,,
recjZFeeA1mChINe0,PROD-260701-INe0,Freezer Tray,freezer_tray,158.275,,,2026-07-01,,Retail,,,,"[""rec6mV7zZFh2IfOgP""]",,,,freezer_tray,,,,,
reckxPfc3paeFiEy5,PROD-260715-iEy5,Freezer Tray,freezer_tray,192.685,,,2026-07-15,,Retail,,,,"[""recjy3YgBfr8f05m3""]",,,,freezer_tray,,,,,
reclpVbJTcOF0skUG,PROD-260713-skUG,Freeze Dried Mushrooms,freezedriedmushrooms,5,,,2026-07-13,2028-07-13,Sample,5 g,,,"[""LOT-260228-JqUB""]",,,,,,,,,
reclsDHBRXt1qHNN7,PROD-260605-HNN7,Wild Bird Seed,grain,907.18,32,,2026-06-05,2026-09-05,Retail,,,,"[""LOT-260523-uozn""]",Sterilize,,,,,,,,
recm3UAyEkpr3N6P8,PROD-260713-N6P8,Freeze Dried Mushrooms,freezedriedmushrooms,5,,,2026-07-13,2028-07-13,Sample,5 g,,,"[""LOT-260512-5bJ9"",""LOT-260512-PoAX""]",,,,,,,,,
recmzbATAajgIPumy,PROD-260713-Pumy,Freeze Dried Mushrooms,freezedriedmushrooms,5,,,2026-07-13,2028-07-13,Sample,5 g,,,"[""LOT-260512-5bJ9"",""LOT-260512-PoAX""]",,,,,,,,,
recnJsa4x61Nnctts,PROD-260614-ctts,Freezer Tray,freezer_tray,239.43,,,2026-06-14,,Retail,,,,"[""recqV2YP2xN7ZMpaY""]",,,,freezer_tray,,,,,
recoGL6MiTf9KiwJS,PROD-260619-iwJS,Wild Bird Seed,grain,793.79,28,,2026-06-19,2026-09-19,Retail,,,,"[""LOT-260616-NDUv""]",Sterilize,,,,,,,,
recp2LWMQnEdN6GXU,PROD-260605-6GXU,Coco Verm Gypsum,substrate,2267.96,80,,2026-06-05,2026-09-05,Retail,,,,"[""LOT-260525-rJnS""]",Pasteurize,,,,,,,,
recq7NZzhtLJTPLuS,PROD-260605-PLuS,Wild Bird Seed,grain,907.18,32,,2026-06-05,2026-09-05,Retail,,,,"[""LOT-260523-OWxE""]",Sterilize,,,,,,,,
recqoIPy2xbLxKN9z,PROD-260713-KN9z,Freeze Dried Mushrooms,freezedriedmushrooms,5,,,2026-07-13,2028-07-13,Sample,5 g,,,"[""LOT-251113-doLo"",""LOT-251121-bq4J""]",,,,,,,,,
recqsa8hoKRch4Wk8,PROD-260713-4Wk8,Freeze Dried Mushrooms,freezedriedmushrooms,5,,,2026-07-13,2028-07-13,Sample,5 g,,,"[""LOT-260228-JqUB""]",,,,,,,,,
recrcbnUjgvBCJge5,PROD-260605-Jge5,Coco Verm Gypsum,substrate,2267.96,80,,2026-06-05,2026-09-05,Retail,,,,"[""LOT-260525-vvi2""]",Pasteurize,,,,,,,,
recsMHkBRzFL7rUaV,PROD-260523-rUaV,Freezer Tray,freezer_tray,209.02,,,2026-05-23,,Retail,,,,"[""rec6mV7zZFh2IfOgP""]",,,,freezer_tray,,,,,
rectNqVYcQDzzq8EB,PROD-260713-q8EB,Freeze Dried Mushrooms,freezedriedmushrooms,5,,,2026-07-13,2028-07-13,Sample,5 g,,,"[""LOT-260512-5bJ9"",""LOT-260512-PoAX""]",,,,,,,,,
rectZjRrRCGffot4v,PROD-260523-ot4v,Freezer Tray,freezer_tray,159.5,,,2026-05-23,,Retail,,,,"[""recpLZQpMFvnUSUbR""]",,,,freezer_tray,,,,,
rectcfyyczUWWQIJL,PROD-260614-QIJL,Freezer Tray,freezer_tray,133.95,,,2026-06-14,,Retail,,,,"[""rec7f8nVIdC7NsnlO""]",,,,freezer_tray,,,,,
recu2ir963M1NTEiP,PROD-260713-TEiP,Freeze Dried Mushrooms,freezedriedmushrooms,5,,,2026-07-13,2028-07-13,Sample,5 g,,,"[""LOT-251113-doLo"",""LOT-251121-bq4J""]",,,,,,,,,
recuFkYzv9SMhaXKE,PROD-260614-aXKE,Freezer Tray,freezer_tray,155.79,,,2026-06-14,,Retail,,,,"[""rec0muhkbeeEr9KX7""]",,,,freezer_tray,,,,,
recukVj1EnayRntpy,PROD-260619-ntpy,Wild Bird Seed,grain,793.79,28,,2026-06-19,2026-09-19,Retail,,,,"[""LOT-260616-B68Z""]",Sterilize,,,,,,,,
recupbqIz5zeAlffI,PROD-260614-lffI,Freezer Tray,freezer_tray,125.48,,,2026-06-14,,Retail,,,,"[""recInm0ognmr4N0NX""]",,,,freezer_tray,,,,,
recw308dfNouJ8fQB,PROD-260713-8fQB,Freeze Dried Mushrooms,freezedriedmushrooms,5,,,2026-07-13,2028-07-13,Sample,5 g,,,"[""LOT-260512-5bJ9"",""LOT-260512-PoAX""]",,,,,,,,,
recxlrwiIKh5CAA94,PROD-260619-AA94,Wild Bird Seed,grain,793.79,28,,2026-06-19,2026-09-19,Retail,,,,"[""LOT-260616-p5dk""]",Sterilize,,,,,,,,
recyHg6ax6gBOGSPC,PROD-260604-GSPC,Small Masters Mix 75/25,fruiting_block,1360.78,48,,2026-06-04,2026-08-14,Retail,,,,"[""LOT-260514-KLen""]",,,,,,,,,
recywDdY7eCfrxKL7,PROD-260614-xKL7,Freezer Tray,freezer_tray,113.35,,,2026-06-14,,Retail,,,,"[""recPC5g8giZxWEbFz""]",,,,freezer_tray,,,,,
reczEQHhDkTCjNAJa,PROD-260711-NAJa,Freeze Dried Mushrooms,freezedriedmushrooms,5,,,2026-07-11,2028-07-11,Sample,5 g,,,"[""LOT-260228-JqUB""]",,,,,,,,,